p_main_party|玩 家 军 团
p_temp_party|军 队
p_camp_bandits|强 盗 营 地
p_ally_casualties|{!}
p_battlefields|battlefields
p_bridge_1|{!}1
p_bridge_10|{!}10
p_bridge_11|{!}11
p_bridge_12|{!}12
p_bridge_13|{!}13
p_bridge_14|{!}14
p_bridge_2|{!}2
p_bridge_3|{!}3
p_bridge_4|{!}4
p_bridge_5|{!}5
p_bridge_6|{!}6
p_bridge_7|{!}7
p_bridge_8|{!}8
p_bridge_9|{!}9
p_camp_bandits|{!}camp bandits
p_castle_1|安 特 卫 普 要 塞
p_castle_10|奥 斯 滕 德 海 防 要 塞
p_castle_11|泽 布 吕 赫 港 口 要 塞
p_castle_12|根 特 城 堡
p_castle_13|安 特 卫 普 防 线
p_castle_14|哈 瑟 尔 特 前 哨
p_castle_15|敦 刻 尔 克 要 塞
p_castle_16|亚 泽 布 鲁 克 要 塞
p_castle_17|阿 尔 芒 蒂 耶 尔 要 塞
p_castle_18|奥 布 尔 丹 城 堡
p_castle_19|埃 姆 要 塞
p_castle_2|哈 瑟 尔 特 城 堡
p_castle_20|鲁 贝 城 堡
p_castle_21|瓦 朗 谢 讷 要 塞
p_castle_22|康 布 雷 城 堡
p_castle_23|科 德 里 要 塞
p_castle_24|富 尔 米 城 堡
p_castle_25|德 南 要 塞
p_castle_26|格 拉 夫 林 要 塞
p_castle_27|莫 伯 日 要 塞
p_castle_28|科 德 里 防 线
p_castle_29|杜 埃 城 堡
p_castle_3|列 日 要 塞
p_castle_30|梅 赫 伦 城 堡
p_castle_31|尼 韦 勒 要 塞
p_castle_32|鲁 汶 要 塞
p_castle_33|蒂 伦 豪 特 城 堡
p_castle_34|奥 德 纳 尔 德 要 塞
p_castle_35|登 德 尔 蒙 德 城 堡
p_castle_36|利 尔 城 堡
p_castle_37|瓦 勒 海 姆 要 塞
p_castle_38|苏 瓦 尼 城 堡
p_castle_39|尼 韦 勒 前 哨
p_castle_4|那 慕 尔 城 堡
p_castle_40|阿 特 要 塞
p_castle_41|穆 斯 克 龙 城 堡
p_castle_42|卡 尔 万 城 堡
p_castle_43|阿 拉 斯 要 塞
p_castle_44|弗 尔 讷 城 堡
p_castle_45|布 兰 肯 贝 赫 城 堡
p_castle_46|洛 克 伦 要 塞
p_castle_47|泰 姆 瑟 城 堡
p_castle_48|鲁 瑟 拉 勒 要 塞
p_castle_5|沙 勒 罗 瓦 要 塞
p_castle_6|蒙 斯 城 堡
p_castle_7|布 鲁 日 城 堡
p_castle_8|蒂 尔 特 要 塞
p_castle_9|科 特 赖 克 城 堡
p_collective_ally|{!}collective ally
p_collective_enemy|{!}collective enemy
p_collective_friends|{!}collective ally
p_collective_friends_backup|{!}
p_desert_bandit_spawn_point|the deserts
p_dhorak_keep|Dhorak Keep
p_encountered_party_backup|{!}
p_enemy_casualties|{!}
p_forest_bandit_spawn_point|the forests
p_four_ways_inn|Four Ways Inn
p_looter_spawn_point|{!}looter sp
p_main_party|Main Party
p_main_party_backup|{!}
p_mountain_bandit_spawn_point|the highlands
p_player_casualties|{!}
p_reserved_1|{!}last spawn point
p_reserved_2|{!}last spawn point
p_reserved_3|{!}last spawn point
p_reserved_4|{!}last spawn point
p_reserved_5|{!}last spawn point
p_routed_enemies|{!}routed enemies
p_salt_mine|Salt Mine
p_sea_raider_spawn_point_1|the coast
p_sea_raider_spawn_point_2|the coast
p_spawn_points_end|{!}last spawn point
p_steppe_bandit_spawn_point|the steppes
p_taiga_bandit_spawn_point|the tundra
p_temp_casualties|{!}casualties
p_temp_casualties_2|{!}casualties
p_temp_casualties_3|{!}casualties
p_temp_killed|{!}enemies killed
p_temp_party|{!}temp party
p_temp_party_2|{!}temp party 2
p_temp_wounded|{!}enemies wounded
p_test_scene|test scene
p_total_enemy_casualties|{!}
p_town_1|里 尔
p_town_10|佩 泽 尔 霍 克
p_town_11|考 滕
p_town_12|洛 维
p_town_13|加 尔 格
p_town_14|孔 特
p_town_15|卡 斯 特
p_town_16|库 特 霍 夫
p_town_17|多 津 厄 姆
p_town_18|佩 泽 尔 霍 克 北
p_town_19|卢 森 堡
p_town_2|布 鲁 塞 尔
p_town_20|特 里 尔
p_town_21|科 布 伦 茨
p_town_22|美 因 茨
p_town_3|卡 塞 尔
p_town_4|弗 勒 尔 拜
p_town_5|阿 贝 勒
p_town_6|伯 津
p_town_7|圣 让
p_town_8|基 勒 姆
p_town_9|瓦 雷 姆
p_training_ground|Training Ground
p_training_ground_1|Training Field
p_training_ground_2|Training Field
p_training_ground_3|Training Field
p_training_ground_4|Training Field
p_training_ground_5|Training Field
p_village_1|Ronse村
p_village_10|Bethune村
p_village_100|Ramskapelle村
p_village_101|Tervate村
p_village_102|Oostduinkerke-Bad村
p_village_103|De Haan村
p_village_104|Zedelgem村
p_village_105|Bredene村
p_village_106|Moorslede村
p_village_107|Diksmuide村
p_village_108|Mouvaux村
p_village_109|Wattrelos村
p_village_11|Heuchin村
p_village_110|Leers村
p_village_12|Frevent村
p_village_13|Bully les mines村
p_village_14|Saint Omer村
p_village_15|Lumbres村
p_village_16|Marck村
p_village_17|Mazen村
p_village_18|Ulburban村
p_village_19|Hanun村
p_village_2|Brakel村
p_village_20|Bree村
p_village_21|Opitter村
p_village_22|Solt村
p_village_23|Ilvia村
p_village_24|Ruldi村
p_village_25|Dashbigha村
p_village_26|Pagundur村
p_village_27|Glunmar村
p_village_28|Tash Kulun村
p_village_29|Buillin村
p_village_3|Ellezelles村
p_village_30|Douvin村
p_village_31|Vimy村
p_village_32|Barlin村
p_village_33|La Bassee村
p_village_34|Secin村
p_village_35|Templeuve村
p_village_36|Santes村
p_village_37|Merville村
p_village_38|La Gorgue村
p_village_39|Roeux村
p_village_4|Deinze村
p_village_40|Nieppe村
p_village_41|De panne村
p_village_42|Sint-Joris村
p_village_43|Ratevalle村
p_village_44|Lombardsijde村
p_village_45|Ramskapelle村
p_village_46|Bray-Dunes村
p_village_47|Ghyvelde村
p_village_48|Saint-Pol-Sur-Mer村
p_village_49|Bourbourg村
p_village_5|Eeklo村
p_village_50|Merkem村
p_village_51|Aalter村
p_village_52|Deinz村
p_village_53|Ath村
p_village_54|Villeneuve-de-Ascq村
p_village_55|Pittem村
p_village_56|Brakel村
p_village_57|Bornem村
p_village_58|Vezin村
p_village_59|Brakel村
p_village_6|Sint-Niklaas村
p_village_60|Peruwelz村
p_village_61|Courcelles村
p_village_62|Mettet村
p_village_63|Dour村
p_village_64|Thuin村
p_village_65|Frameries村
p_village_66|Douchy-les-mines村
p_village_67|Raisemes村
p_village_68|Vieux-Conde村
p_village_69|Trelon村
p_village_7|Ninove村
p_village_70|Nivelles村
p_village_71|Fieurus村
p_village_72|Pont-a-Celles村
p_village_73|Herzeel村
p_village_74|Fosses-la-Ville村
p_village_75|Lobbes村
p_village_76|Dour村
p_village_77|Hornu村
p_village_78|Bray-Dunes村
p_village_79|Koksijde-bad村
p_village_8|Merelbeke村
p_village_80|Koksijde村
p_village_81|Pervijze村
p_village_82|Diksmuide村
p_village_83|Zarren村
p_village_84|Markem村
p_village_85|Bikschote村
p_village_86|Hondschoote村
p_village_87|乌 古 蒙 庄 园
p_village_88|Kruiske村
p_village_89|Gapaard村
p_village_9|Cassel村
p_village_90|Draalbrug村
p_village_91|Slijpe村
p_village_92|Ten Putte村
p_village_93|Spermalie村
p_village_94|Leke村
p_village_95|Houtem村
p_village_96|Nieuwstad村
p_village_97|Korte-wilde村
p_village_98|Draalibrug村
p_village_99|Kousse-Boom村
p_zendar|Zendar
