trp_player|玩 家
trp_player_pl|玩 家
trp_multiplayer_profile_troop_male|multiplayer profile troop male
trp_multiplayer_profile_troop_male_pl|multiplayer profile troop male
trp_multiplayer_profile_troop_female|multiplayer profile troop female
trp_multiplayer_profile_troop_female_pl|multiplayer profile troop female
trp_temp_troop|Temp Troop
trp_temp_troop_pl|Temp Troop
trp_find_item_cheat|find item cheat
trp_find_item_cheat_pl|find item cheat
trp_random_town_sequence|Random Town Sequence
trp_random_town_sequence_pl|Random Town Sequence
trp_tournament_participants|Tournament Participants
trp_tournament_participants_pl|Tournament Participants
trp_tutorial_maceman|Maceman
trp_tutorial_maceman_pl|Maceman
trp_tutorial_archer|Archer
trp_tutorial_archer_pl|Archer
trp_tutorial_swordsman|Swordsman
trp_tutorial_swordsman_pl|Swordsman
trp_novice_fighter|初 级 格 斗 士
trp_novice_fighter_pl|初 级 格 斗 士
trp_regular_fighter|普 通 格 斗 士
trp_regular_fighter_pl|普 通 格 斗 士
trp_veteran_fighter|老 兵 Fighter
trp_veteran_fighter_pl|老 兵 Fighter
trp_champion_fighter|冠 军 格 斗 士
trp_champion_fighter_pl|冠 军 格 斗 士
trp_arena_training_fighter_1|初 级 格 斗 士
trp_arena_training_fighter_1_pl|初 级 格 斗 士
trp_arena_training_fighter_2|初 级 格 斗 士
trp_arena_training_fighter_2_pl|初 级 格 斗 士
trp_arena_training_fighter_3|普 通 格 斗 士
trp_arena_training_fighter_3_pl|普 通 格 斗 士
trp_arena_training_fighter_4|普 通 格 斗 士
trp_arena_training_fighter_4_pl|普 通 格 斗 士
trp_arena_training_fighter_5|普 通 格 斗 士
trp_arena_training_fighter_5_pl|普 通 格 斗 士
trp_arena_training_fighter_6|老 兵 Fighter
trp_arena_training_fighter_6_pl|老 兵 Fighter
trp_arena_training_fighter_7|老 兵 Fighter
trp_arena_training_fighter_7_pl|老 兵 Fighter
trp_arena_training_fighter_8|老 兵 Fighter
trp_arena_training_fighter_8_pl|老 兵 Fighter
trp_arena_training_fighter_9|冠 军 格 斗 士
trp_arena_training_fighter_9_pl|冠 军 格 斗 士
trp_arena_training_fighter_10|冠 军 格 斗 士
trp_arena_training_fighter_10_pl|冠 军 格 斗 士
trp_cattle|Cattle
trp_cattle_pl|Cattle
trp_farmer|Farmer
trp_farmer_pl|Farmer
trp_townsman|Townsman
trp_townsman_pl|Townsman
trp_refugee|Refugee
trp_refugee_pl|Refugee
trp_peasant_woman|Peasant Woman
trp_peasant_woman_pl|Peasant Woman
trp_follower_woman|Camp Follower
trp_follower_woman_pl|Camp Follower
trp_hunter_woman|Huntress
trp_hunter_woman_pl|Huntress
trp_fighter_woman|Camp Defender
trp_fighter_woman_pl|Camp Defender
trp_sword_sister|Sword Sister
trp_sword_sister_pl|Sword Sister
trp_hungarian_footman|匈 牙 利 62th 燧 发 枪 兵
trp_hungarian_footman_pl|匈 牙 利 62th 燧 发 枪 兵
trp_hungarian_hussar|匈 牙 利 第 5 骠 骑 兵
trp_hungarian_hussar_pl|匈 牙 利 第 5 骠 骑 兵
trp_austrian_infantry|奥 地 利 燧 发 枪 兵
trp_austrian_infantry_pl|奥 地 利 燧 发 枪 兵
trp_austrian_grenadier|Tyrol Landesshutzen
trp_austrian_grenadier_pl|Tyrol Landesshutzen
trp_russian_hussar|俄 罗 斯 骠 骑 兵
trp_russian_hussar_pl|俄 罗 斯 骠 骑 兵
trp_hungarian_hussar_veteran|匈 牙 利 第 4 骠 骑 兵 (老 兵 )
trp_hungarian_hussar_veteran_pl|匈 牙 利 第 4 骠 骑 兵 (老 兵 )
trp_hungarian_hussar_elite|匈 牙 利 第 4 骠 骑 兵 (精 锐 )
trp_hungarian_hussar_elite_pl|匈 牙 利 第 4 骠 骑 兵 (精 锐 )
trp_polish_uhlan|奥 地 利 乌 兰 枪 骑 兵
trp_polish_uhlan_pl|奥 地 利 乌 兰 枪 骑 兵
trp_slave_driver|奥 地 利 乌 兰 枪 骑 兵 (hardened)
trp_slave_driver_pl|奥 地 利 乌 兰 枪 骑 兵 (hardened)
trp_slave_hunter|奥 地 利 乌 兰 枪 骑 兵 (老 兵 )
trp_slave_hunter_pl|奥 地 利 乌 兰 枪 骑 兵 (老 兵 )
trp_slave_crusher|奥 地 利 乌 兰 枪 骑 兵 (精 锐 )
trp_slave_crusher_pl|奥 地 利 乌 兰 枪 骑 兵 (精 锐 )
trp_slaver_chief|奥 地 利 Light 龙 骑 兵
trp_slaver_chief_pl|奥 地 利 Light 龙 骑 兵
trp_mercenaries_end|mercenaries end
trp_mercenaries_end_pl|mercenaries end
trp_french_recruit|法 国 第 45 新 兵
trp_french_recruit_pl|法 国 第 45 新 兵
trp_french_infantry|法 国 第 45 燧 发 枪 兵
trp_french_infantry_pl|法 国 第 45 燧 发 枪 兵
trp_french_84_infantry|法 国 第 84 燧 发 枪 兵
trp_french_84_infantry_pl|法 国 第 84 燧 发 枪 兵
trp_french_grenadiers|法 国 掷 弹 兵
trp_french_grenadiers_pl|法 国 掷 弹 兵
trp_old_guard|老 近 卫 军
trp_old_guard_pl|老 近 卫 军
trp_french_voltigeur|法 国 轻 步 兵 散 兵
trp_french_voltigeur_pl|法 国 轻 步 兵 散 兵
trp_french_voltigeur_veteran|法 国 轻 步 兵 散 兵 (老 兵 )
trp_french_voltigeur_veteran_pl|法 国 轻 步 兵 散 兵 (老 兵 )
trp_swadian_sharpshooter|法 国 神 射 手
trp_swadian_sharpshooter_pl|法 国 神 射 手
trp_french_84_veteran|法 国 第 84 步 兵 (老 兵 )
trp_french_84_veteran_pl|法 国 第 84 步 兵 (老 兵 )
trp_french_hussard|法 国 Hussard
trp_french_hussard_pl|法 国 Hussard
trp_swadian_messenger|法 国 Messenger
trp_swadian_messenger_pl|法 国 Messenger
trp_swadian_deserter|法 国 逃 兵
trp_swadian_deserter_pl|法 国 逃 兵
trp_swadian_prison_guard|Prison 近 卫 军
trp_swadian_prison_guard_pl|Prison 近 卫 军
trp_swadian_castle_guard|Castle 近 卫 军
trp_swadian_castle_guard_pl|Castle 近 卫 军
trp_french_cuirassier|法 国 胸 甲 骑 兵
trp_french_cuirassier_pl|法 国 胸 甲 骑 兵
trp_french_hussard_elite|法 国 Hussard (精 锐 )
trp_french_hussard_elite_pl|法 国 Hussard (精 锐 )
trp_french_light_hussar|法 国 Light 骠 骑 兵
trp_french_light_hussar_pl|法 国 Light 骠 骑 兵
trp_swadian_chasseur_pied|猎 骑 兵
trp_swadian_chasseur_pied_pl|猎 骑 兵
trp_french_cuirassier_veteran|法 国 胸 甲 骑 兵 (老 兵 )
trp_french_cuirassier_veteran_pl|法 国 胸 甲 骑 兵 (老 兵 )
trp_french_carabineer|法 国 卡 宾 骑 兵
trp_french_carabineer_pl|法 国 卡 宾 骑 兵
trp_french_carabineer_veteran|法 国 卡 宾 骑 兵 (老 兵 )
trp_french_carabineer_veteran_pl|法 国 卡 宾 骑 兵 (老 兵 )
trp_swadian_artillerie_cheval|Artilleries a cheval
trp_swadian_artillerie_cheval_pl|Artilleries a cheval
trp_prussian_recruit|普 鲁 士 后 备 民 兵
trp_prussian_recruit_pl|普 鲁 士 后 备 民 兵
trp_prussian_footman|普 鲁 士 23th 步 卒
trp_prussian_footman_pl|普 鲁 士 23th 步 卒
trp_prussian_23th_musk|普 鲁 士 23th Musketeer
trp_prussian_23th_musk_pl|普 鲁 士 23th Musketeer
trp_prussian_lutzov_infantry|普 鲁 士 Freikorps 步 卒
trp_prussian_lutzov_infantry_pl|普 鲁 士 Freikorps 步 卒
trp_prussian_veteran_lutzov|普 鲁 士 Freikorps 步 兵 (老 兵 )
trp_prussian_veteran_lutzov_pl|普 鲁 士 Freikorps 步 兵 (老 兵 )
trp_prussian_veteran|普 鲁 士 第 8 Musketeer
trp_prussian_veteran_pl|普 鲁 士 第 8 Musketeer
trp_prussian_infantry|普 鲁 士 第 8 Musketeer (老 兵 )
trp_prussian_infantry_pl|普 鲁 士 第 8 Musketeer (老 兵 )
trp_prussian_guard|普 鲁 士 Honor 近 卫 军
trp_prussian_guard_pl|普 鲁 士 Honor 近 卫 军
trp_prussian_hussar|普 鲁 士 骠 骑 兵
trp_prussian_hussar_pl|普 鲁 士 骠 骑 兵
trp_prussian_hussar_veteran|普 鲁 士 骠 骑 兵 (老 兵 )
trp_prussian_hussar_veteran_pl|普 鲁 士 骠 骑 兵 (老 兵 )
trp_prussian_messenger|普 鲁 士 Messenger
trp_prussian_messenger_pl|普 鲁 士 Messenger
trp_prussian_deserter|普 鲁 士 逃 兵
trp_prussian_deserter_pl|普 鲁 士 逃 兵
trp_vaegir_prison_guard|Prison 近 卫 军
trp_vaegir_prison_guard_pl|Prison 近 卫 军
trp_vaegir_castle_guard|Castle 近 卫 军
trp_vaegir_castle_guard_pl|Castle 近 卫 军
trp_british_footguards_recruit|英 国 Fencible
trp_british_footguards_recruit_pl|英 国 Fencible
trp_british_footguards_private|英 国 英 王 德 意 志 军 团 步 卒
trp_british_footguards_private_pl|英 国 英 王 德 意 志 军 团 步 卒
trp_british_infantry|英 国 Light 步 兵
trp_british_infantry_pl|英 国 Light 步 兵
trp_british_footguards_veteran|英 国 Footguards
trp_british_footguards_veteran_pl|英 国 Footguards
trp_british_lifeguards_trooper|英 国 Lifeguards Trooper
trp_british_lifeguards_trooper_pl|英 国 Lifeguards Trooper
trp_british_lifeguards_veteran|英 国 Horseguards Trooper
trp_british_lifeguards_veteran_pl|英 国 Horseguards Trooper
trp_british_messenger|英 国 Messenger
trp_british_messenger_pl|英 国 Messenger
trp_british_deserter|英 国 逃 兵
trp_british_deserter_pl|英 国 逃 兵
trp_khergit_prison_guard|Prison 近 卫 军
trp_khergit_prison_guard_pl|Prison 近 卫 军
trp_khergit_castle_guard|Castle 近 卫 军
trp_khergit_castle_guard_pl|Castle 近 卫 军
trp_dutch_recruit|荷 兰 新 兵
trp_dutch_recruit_pl|荷 兰 新 兵
trp_dutch_footman|荷 兰 步 卒
trp_dutch_footman_pl|荷 兰 步 卒
trp_dutch_marksmen|荷 兰 神 射 手
trp_dutch_marksmen_pl|荷 兰 神 射 手
trp_dutch_infantry|荷 兰 步 兵
trp_dutch_infantry_pl|荷 兰 步 兵
trp_dutch_veteran|荷 兰 老 兵
trp_dutch_veteran_pl|荷 兰 老 兵
trp_dutch_genadier|荷 兰 掷 弹 兵
trp_dutch_genadier_pl|荷 兰 掷 弹 兵
trp_dutch_light_company|荷 兰 Light Company
trp_dutch_light_company_pl|荷 兰 Light Company
trp_dutch_carabinier_recruit|荷 兰 卡 宾 骑 兵
trp_dutch_carabinier_recruit_pl|荷 兰 卡 宾 骑 兵
trp_dutch_carabinier_veteran|荷 兰 卡 宾 骑 兵 (老 兵 )
trp_dutch_carabinier_veteran_pl|荷 兰 卡 宾 骑 兵 (老 兵 )
trp_dutch_messenger|荷 兰 Messenger
trp_dutch_messenger_pl|荷 兰 Messenger
trp_dutch_deserter|荷 兰 逃 兵
trp_dutch_deserter_pl|荷 兰 逃 兵
trp_nord_prison_guard|Prison 近 卫 军
trp_nord_prison_guard_pl|Prison 近 卫 军
trp_nord_castle_guard|Castle 近 卫 军
trp_nord_castle_guard_pl|Castle 近 卫 军
trp_brunswick_recruit|德 意 志 后 备 民 兵
trp_brunswick_recruit_pl|德 意 志 后 备 民 兵
trp_brunswick_fusilier|布 伦 瑞 克 燧 发 枪 兵
trp_brunswick_fusilier_pl|布 伦 瑞 克 燧 发 枪 兵
trp_brunswick_voltigeur|普 鲁 士 轻 步 兵 散 兵
trp_brunswick_voltigeur_pl|普 鲁 士 轻 步 兵 散 兵
trp_brunswick_grenadier|布 伦 瑞 克 掷 弹 兵
trp_brunswick_grenadier_pl|布 伦 瑞 克 掷 弹 兵
trp_brunswick_sergeant|巴 伐 利 亚 猎 兵
trp_brunswick_sergeant_pl|巴 伐 利 亚 猎 兵
trp_brunswick_marksman|黑 森 -Kassel Light 步 兵
trp_brunswick_marksman_pl|黑 森 -Kassel Light 步 兵
trp_brunswick_hussard_recruit|布 伦 瑞 克 骠 骑 兵
trp_brunswick_hussard_recruit_pl|布 伦 瑞 克 骠 骑 兵
trp_brunswick_veteran_hussar|布 伦 瑞 克 骠 骑 兵 (老 兵 )
trp_brunswick_veteran_hussar_pl|布 伦 瑞 克 骠 骑 兵 (老 兵 )
trp_brunswick_lancer|布 伦 瑞 克 枪 骑 兵
trp_brunswick_lancer_pl|布 伦 瑞 克 枪 骑 兵
trp_brunswick_messenger|布 伦 瑞 克 Messenger
trp_brunswick_messenger_pl|布 伦 瑞 克 Messenger
trp_brunswick_deserter|布 伦 瑞 克 逃 兵
trp_brunswick_deserter_pl|布 伦 瑞 克 逃 兵
trp_rhodok_prison_guard|Prison 近 卫 军
trp_rhodok_prison_guard_pl|Prison 近 卫 军
trp_rhodok_castle_guard|Castle 近 卫 军
trp_rhodok_castle_guard_pl|Castle 近 卫 军
trp_austrian_recruit|奥 地 利 后 备 民 兵
trp_austrian_recruit_pl|奥 地 利 后 备 民 兵
trp_austrian_footman|德 意 志 燧 发 枪 兵
trp_austrian_footman_pl|德 意 志 燧 发 枪 兵
trp_austrian_infantry|奥 地 利 步 兵
trp_austrian_infantry_pl|奥 地 利 步 兵
trp_austrian_grenadier|奥 地 利 掷 弹 兵
trp_austrian_grenadier_pl|奥 地 利 掷 弹 兵
trp_austrian_dragoon|奥 地 利 Chevauxleger
trp_austrian_dragoon_pl|奥 地 利 Chevauxleger
trp_hungarian_grenzer|匈 牙 利 边 防 步 兵
trp_hungarian_grenzer_pl|匈 牙 利 边 防 步 兵
trp_hungarian_grenadier|匈 牙 利 掷 弹 兵
trp_hungarian_grenadier_pl|匈 牙 利 掷 弹 兵
trp_hungarian_infantry|匈 牙 利 62th 燧 发 枪 兵 (老 兵 )
trp_hungarian_infantry_pl|匈 牙 利 62th 燧 发 枪 兵 (老 兵 )
trp_hungarian_hussar|匈 牙 利 骠 骑 兵 卡 宾 骑 兵
trp_hungarian_hussar_pl|匈 牙 利 骠 骑 兵 卡 宾 骑 兵
trp_costum_battle_cuirassier|奥 地 利 胸 甲 骑 兵
trp_costum_battle_cuirassier_pl|奥 地 利 胸 甲 骑 兵
trp_britain_messenger|Britain Messenger
trp_britain_messenger_pl|Britain Messenger
trp_britain_deserter|Britain 逃 兵
trp_britain_deserter_pl|Britain 逃 兵
trp_sarranid_prison_guard|Prison 近 卫 军
trp_sarranid_prison_guard_pl|Prison 近 卫 军
trp_sarranid_castle_guard|Castle 近 卫 军
trp_sarranid_castle_guard_pl|Castle 近 卫 军
trp_custom_peasant|Mob Levy
trp_custom_peasant_pl|Mob Levy
trp_custom_peasant_equip|{!}na
trp_custom_peasant_equip_pl|{!}na
trp_custom_peasant_selection|{!}na
trp_custom_peasant_selection_pl|{!}na
trp_custom_army_recruit|Armed Citizent
trp_custom_army_recruit_pl|Armed Citizent
trp_custom_army_recruit_equip|Army 新 兵
trp_custom_army_recruit_equip_pl|Army 新 兵
trp_custom_army_recruit_selection|Army 新 兵
trp_custom_army_recruit_selection_pl|Army 新 兵
trp_custom_crossbow_militia|National 民 兵
trp_custom_crossbow_militia_pl|National 民 兵
trp_custom_crossbow_militia_equip|Crossbow 民 兵
trp_custom_crossbow_militia_equip_pl|Crossbow 民 兵
trp_custom_crossbow_militia_selection|Crossbow 民 兵
trp_custom_crossbow_militia_selection_pl|Crossbow 民 兵
trp_custom_crossbowman|Crossbowman
trp_custom_crossbowman_pl|Crossbowman
trp_custom_crossbowman_equip|Crossbowman
trp_custom_crossbowman_equip_pl|Crossbowman
trp_custom_crossbowman_selection|Crossbowman
trp_custom_crossbowman_selection_pl|Crossbowman
trp_custom_pavise_crossbowman|Pavise Crossbowman
trp_custom_pavise_crossbowman_pl|Pavise Crossbowman
trp_custom_pavise_crossbowman_equip|Pavise Crossbowman
trp_custom_pavise_crossbowman_equip_pl|Pavise Crossbowman
trp_custom_pavise_crossbowman_selection|Pavise Crossbowman
trp_custom_pavise_crossbowman_selection_pl|Pavise Crossbowman
trp_custom_mounted_crossbowman|Mounted Crossbowman
trp_custom_mounted_crossbowman_pl|Mounted Crossbowman
trp_custom_mounted_crossbowman_equip|Mounted Crossbowman
trp_custom_mounted_crossbowman_equip_pl|Mounted Crossbowman
trp_custom_mounted_crossbowman_selection|Mounted Crossbowman
trp_custom_mounted_crossbowman_selection_pl|Mounted Crossbowman
trp_custom_infantry|步 兵
trp_custom_infantry_pl|步 兵
trp_custom_infantry_equip|步 兵
trp_custom_infantry_equip_pl|步 兵
trp_custom_infantry_selection|步 兵
trp_custom_infantry_selection_pl|步 兵
trp_custom_squire|Squire
trp_custom_squire_pl|Squire
trp_custom_squire_equip|Squire
trp_custom_squire_equip_pl|Squire
trp_custom_squire_selection|Squire
trp_custom_squire_selection_pl|Squire
trp_custom_knight|Feudal Knight
trp_custom_knight_pl|Feudal Knight
trp_custom_knight_equip|Feudal Knight
trp_custom_knight_equip_pl|Feudal Knight
trp_custom_knight_selection|Feudal Knight
trp_custom_knight_selection_pl|Feudal Knight
trp_custom_warrior|Warrior
trp_custom_warrior_pl|Warrior
trp_custom_warrior_equip|Warrior
trp_custom_warrior_equip_pl|Warrior
trp_custom_warrior_selection|Warrior
trp_custom_warrior_selection_pl|Warrior
trp_custom_sergeant|军 士
trp_custom_sergeant_pl|军 士
trp_custom_sergeant_equip|军 士
trp_custom_sergeant_equip_pl|军 士
trp_custom_sergeant_selection|军 士
trp_custom_sergeant_selection_pl|军 士
trp_custom_heavy_sergeant|Heavy 军 士
trp_custom_heavy_sergeant_pl|Heavy 军 士
trp_custom_heavy_sergeant_equip|Heavy 军 士
trp_custom_heavy_sergeant_equip_pl|Heavy 军 士
trp_custom_heavy_sergeant_selection|Heavy 军 士
trp_custom_heavy_sergeant_selection_pl|Heavy 军 士
trp_rangers_end|{!}na
trp_rangers_end_pl|{!}na
trp_ranger_master|Avantis
trp_ranger_master_pl|Avantis
trp_inventory_backup|{!}Inventory
trp_inventory_backup_pl|{!}Inventory
trp_quickbattle_crossbow_militia|Peasant Musketeer
trp_quickbattle_crossbow_militia_pl|Peasant Musketeer
trp_quickbattle_crossbowman|Armed Citizent
trp_quickbattle_crossbowman_pl|Armed Citizent
trp_quickbattle_infantry|Peasant Levy
trp_quickbattle_infantry_pl|Peasant Levy
trp_quickbattle_warrior|Dueller
trp_quickbattle_warrior_pl|Dueller
trp_quickbattle_squire|俄 罗 斯 骠 骑 兵
trp_quickbattle_squire_pl|俄 罗 斯 骠 骑 兵
trp_quickbattle_knight|俄 罗 斯 枪 骑 兵
trp_quickbattle_knight_pl|俄 罗 斯 枪 骑 兵
trp_psf_messenger|Messenger
trp_psf_messenger_pl|Messenger
trp_psf_deserter|逃 兵
trp_psf_deserter_pl|逃 兵
trp_psf_prison_guard|Prison 近 卫 军
trp_psf_prison_guard_pl|Prison 近 卫 军
trp_psf_castle_guard|Castle 近 卫 军
trp_psf_castle_guard_pl|Castle 近 卫 军
trp_mounted_patrol|Labor 新 兵
trp_mounted_patrol_pl|Labor 新 兵
trp_looter|劫 匪
trp_looter_pl|劫 匪
trp_bandit|强 盗
trp_bandit_pl|强 盗
trp_brigand|Brigand
trp_brigand_pl|Brigand
trp_forest_bandit|Forest 强 盗
trp_forest_bandit_pl|Forest 强 盗
trp_taiga_bandit|法 国 Winter 老 兵
trp_taiga_bandit_pl|法 国 Winter 老 兵
trp_steppe_bandit|Lifeguard
trp_steppe_bandit_pl|Lifeguard
trp_sea_raider|后 备 民 兵 Irregular 步 卒
trp_sea_raider_pl|后 备 民 兵 Irregular 步 卒
trp_mountain_bandit|Labor Desertes
trp_mountain_bandit_pl|Labor Desertes
trp_desert_bandit|Desert 强 盗
trp_desert_bandit_pl|Desert 强 盗
trp_black_khergit_horseman|Black Khergit Horseman
trp_black_khergit_horseman_pl|Black Khergit Horseman
trp_caravan_master|Caravan Master
trp_caravan_master_pl|Caravan Master
trp_kidnapped_girl|Kidnapped Girl
trp_kidnapped_girl_pl|Kidnapped Girl
trp_town_walker_1|Townsman
trp_town_walker_1_pl|Townsman
trp_town_walker_2|Townswoman
trp_town_walker_2_pl|Townswoman
trp_khergit_townsman|Townsman
trp_khergit_townsman_pl|Townsman
trp_khergit_townswoman|Townswoman
trp_khergit_townswoman_pl|Townswoman
trp_sarranid_townsman|Townsman
trp_sarranid_townsman_pl|Townsman
trp_sarranid_townswoman|Townswoman
trp_sarranid_townswoman_pl|Townswoman
trp_village_walker_1|Villager
trp_village_walker_1_pl|Villager
trp_village_walker_2|Villager
trp_village_walker_2_pl|Villager
trp_spy_walker_1|Townsman
trp_spy_walker_1_pl|Townsman
trp_spy_walker_2|Townswoman
trp_spy_walker_2_pl|Townswoman
trp_tournament_master|Tournament Master
trp_tournament_master_pl|Tournament Master
trp_trainer|Trainer
trp_trainer_pl|Trainer
trp_constable_hareck|Constable Hareck
trp_constable_hareck_pl|Constable Hareck
trp_ramun_the_slave_trader|Ramun, the slave trader
trp_ramun_the_slave_trader_pl|Ramun, the slave trader
trp_guide|Quick Jimmy
trp_guide_pl|Quick Jimmy
trp_xerina|Xerina
trp_xerina_pl|Xerina
trp_dranton|Dranton
trp_dranton_pl|Dranton
trp_kradus|Kradus
trp_kradus_pl|Kradus
trp_tutorial_trainer|Training Ground Master
trp_tutorial_trainer_pl|Training Ground Master
trp_tutorial_student_1|{!}tutorial student 1
trp_tutorial_student_1_pl|{!}tutorial student 1
trp_tutorial_student_2|{!}tutorial student 2
trp_tutorial_student_2_pl|{!}tutorial student 2
trp_tutorial_student_3|{!}tutorial student 3
trp_tutorial_student_3_pl|{!}tutorial student 3
trp_tutorial_student_4|{!}tutorial student 4
trp_tutorial_student_4_pl|{!}tutorial student 4
trp_galeas|Galeas
trp_galeas_pl|Galeas
trp_farmer_from_bandit_village|Farmer
trp_farmer_from_bandit_village_pl|Farmer
trp_trainer_1|Trainer
trp_trainer_1_pl|Trainer
trp_trainer_2|Trainer
trp_trainer_2_pl|Trainer
trp_trainer_3|Trainer
trp_trainer_3_pl|Trainer
trp_trainer_4|Trainer
trp_trainer_4_pl|Trainer
trp_trainer_5|Trainer
trp_trainer_5_pl|Trainer
trp_ransom_broker_1|奴 隶 贩 子 /赎 金 经 纪 人
trp_ransom_broker_1_pl|奴 隶 贩 子 /赎 金 经 纪 人
trp_ransom_broker_2|奴 隶 贩 子 /赎 金 经 纪 人
trp_ransom_broker_2_pl|奴 隶 贩 子 /赎 金 经 纪 人
trp_ransom_broker_3|奴 隶 贩 子 /赎 金 经 纪 人
trp_ransom_broker_3_pl|奴 隶 贩 子 /赎 金 经 纪 人
trp_ransom_broker_4|奴 隶 贩 子 /赎 金 经 纪 人
trp_ransom_broker_4_pl|奴 隶 贩 子 /赎 金 经 纪 人
trp_ransom_broker_5|奴 隶 贩 子 /赎 金 经 纪 人
trp_ransom_broker_5_pl|奴 隶 贩 子 /赎 金 经 纪 人
trp_ransom_broker_6|奴 隶 贩 子 /赎 金 经 纪 人
trp_ransom_broker_6_pl|奴 隶 贩 子 /赎 金 经 纪 人
trp_ransom_broker_7|奴 隶 贩 子 /赎 金 经 纪 人
trp_ransom_broker_7_pl|奴 隶 贩 子 /赎 金 经 纪 人
trp_ransom_broker_8|奴 隶 贩 子 /赎 金 经 纪 人
trp_ransom_broker_8_pl|奴 隶 贩 子 /赎 金 经 纪 人
trp_ransom_broker_9|奴 隶 贩 子 /赎 金 经 纪 人
trp_ransom_broker_9_pl|奴 隶 贩 子 /赎 金 经 纪 人
trp_ransom_broker_10|奴 隶 贩 子 /赎 金 经 纪 人
trp_ransom_broker_10_pl|奴 隶 贩 子 /赎 金 经 纪 人
trp_tavern_traveler_1|旅 行 者
trp_tavern_traveler_1_pl|旅 行 者
trp_tavern_traveler_2|旅 行 者
trp_tavern_traveler_2_pl|旅 行 者
trp_tavern_traveler_3|旅 行 者
trp_tavern_traveler_3_pl|旅 行 者
trp_tavern_traveler_4|旅 行 者
trp_tavern_traveler_4_pl|旅 行 者
trp_tavern_traveler_5|旅 行 者
trp_tavern_traveler_5_pl|旅 行 者
trp_tavern_traveler_6|旅 行 者
trp_tavern_traveler_6_pl|旅 行 者
trp_tavern_traveler_7|旅 行 者
trp_tavern_traveler_7_pl|旅 行 者
trp_tavern_traveler_8|旅 行 者
trp_tavern_traveler_8_pl|旅 行 者
trp_tavern_traveler_9|旅 行 者
trp_tavern_traveler_9_pl|旅 行 者
trp_tavern_traveler_10|旅 行 者
trp_tavern_traveler_10_pl|旅 行 者
trp_tavern_bookseller_1|Book 商 人
trp_tavern_bookseller_1_pl|Book 商 人
trp_tavern_bookseller_2|Book 商 人
trp_tavern_bookseller_2_pl|Book 商 人
trp_tavern_minstrel_1|Wandering Minstrel
trp_tavern_minstrel_1_pl|Wandering Minstrel
trp_tavern_minstrel_2|Wandering Bard
trp_tavern_minstrel_2_pl|Wandering Bard
trp_tavern_minstrel_3|Wandering Ashik
trp_tavern_minstrel_3_pl|Wandering Ashik
trp_tavern_minstrel_4|Wandering Skald
trp_tavern_minstrel_4_pl|Wandering Skald
trp_tavern_minstrel_5|Wandering Troubadour
trp_tavern_minstrel_5_pl|Wandering Troubadour
trp_kingdom_heroes_including_player_begin|kingdom heroes including 玩 家 begin
trp_kingdom_heroes_including_player_begin_pl|kingdom heroes including 玩 家 begin
trp_npc1|Lysander De Tolly
trp_npc1_pl|Lysander De Tolly
trp_npc2|上 尉 Leonard
trp_npc2_pl|上 尉 Leonard
trp_npc3|Hans von Rotterdam
trp_npc3_pl|Hans von Rotterdam
trp_npc4|Ulrich von Lichtenstein
trp_npc4_pl|Ulrich von Lichtenstein
trp_npc5|Vidroczky Joska
trp_npc5_pl|Vidroczky Joska
trp_npc6|中 尉 Holmes
trp_npc6_pl|中 尉 Holmes
trp_npc7|上 尉 Nickson
trp_npc7_pl|上 尉 Nickson
trp_npc8|Adolf Schmidt
trp_npc8_pl|Adolf Schmidt
trp_npc9|上 尉 Tom Auldman
trp_npc9_pl|上 尉 Tom Auldman
trp_npc10|上 校 Agovic
trp_npc10_pl|上 校 Agovic
trp_npc11|Adam Speyer
trp_npc11_pl|Adam Speyer
trp_npc12|Alan De-Soisson
trp_npc12_pl|Alan De-Soisson
trp_npc13|Vadocz Balazs
trp_npc13_pl|Vadocz Balazs
trp_npc14|Benyovszki Moricz
trp_npc14_pl|Benyovszki Moricz
trp_npc15|Sir Larrey Burgh
trp_npc15_pl|Sir Larrey Burgh
trp_npc16|少 校 Hubal
trp_npc16_pl|少 校 Hubal
trp_male_hero01|Arthur
trp_male_hero01_pl|Arthur
trp_male_hero02|Hero
trp_male_hero02_pl|Hero
trp_male_hero03|Hero
trp_male_hero03_pl|Hero
trp_male_hero04|Hero
trp_male_hero04_pl|Hero
trp_male_hero05|Hero
trp_male_hero05_pl|Hero
trp_male_hero06|Hero
trp_male_hero06_pl|Hero
trp_male_hero07|Hero
trp_male_hero07_pl|Hero
trp_male_hero08|Hero
trp_male_hero08_pl|Hero
trp_male_hero09|Hero
trp_male_hero09_pl|Hero
trp_male_hero10|Hero
trp_male_hero10_pl|Hero
trp_male_hero11|Hero
trp_male_hero11_pl|Hero
trp_male_hero12|Hero
trp_male_hero12_pl|Hero
trp_male_hero13|Hero
trp_male_hero13_pl|Hero
trp_male_hero14|Hero
trp_male_hero14_pl|Hero
trp_male_hero15|Hero
trp_male_hero15_pl|Hero
trp_male_hero16|Hero
trp_male_hero16_pl|Hero
trp_male_hero17|Hero
trp_male_hero17_pl|Hero
trp_male_hero18|Hero
trp_male_hero18_pl|Hero
trp_male_hero19|Hero
trp_male_hero19_pl|Hero
trp_male_hero20|Hero
trp_male_hero20_pl|Hero
trp_male_hero21|Hero
trp_male_hero21_pl|Hero
trp_male_hero22|Hero
trp_male_hero22_pl|Hero
trp_male_hero23|Hero
trp_male_hero23_pl|Hero
trp_male_hero24|Hero
trp_male_hero24_pl|Hero
trp_male_hero25|Hero
trp_male_hero25_pl|Hero
trp_male_hero26|Hero
trp_male_hero26_pl|Hero
trp_male_hero27|Hero
trp_male_hero27_pl|Hero
trp_male_hero28|Hero
trp_male_hero28_pl|Hero
trp_male_hero29|Hero
trp_male_hero29_pl|Hero
trp_male_hero30|Hero
trp_male_hero30_pl|Hero
trp_male_hero31|Hero
trp_male_hero31_pl|Hero
trp_male_hero32|Hero
trp_male_hero32_pl|Hero
trp_male_hero33|Hero
trp_male_hero33_pl|Hero
trp_male_hero34|Hero
trp_male_hero34_pl|Hero
trp_male_hero35|Hero
trp_male_hero35_pl|Hero
trp_male_hero36|Hero
trp_male_hero36_pl|Hero
trp_male_hero37|Hero
trp_male_hero37_pl|Hero
trp_male_hero38|Hero
trp_male_hero38_pl|Hero
trp_male_hero39|Hero
trp_male_hero39_pl|Hero
trp_male_hero40|Hero
trp_male_hero40_pl|Hero
trp_male_hero41|Hero
trp_male_hero41_pl|Hero
trp_male_hero42|Hero
trp_male_hero42_pl|Hero
trp_male_hero43|Hero
trp_male_hero43_pl|Hero
trp_male_hero44|Hero
trp_male_hero44_pl|Hero
trp_male_hero45|Hero
trp_male_hero45_pl|Hero
trp_male_hero46|Hero
trp_male_hero46_pl|Hero
trp_male_hero47|Hero
trp_male_hero47_pl|Hero
trp_male_hero48|Hero
trp_male_hero48_pl|Hero
trp_male_hero49|Hero
trp_male_hero49_pl|Hero
trp_male_hero50|Hero
trp_male_hero50_pl|Hero
trp_female_hero01|Hero
trp_female_hero01_pl|Hero
trp_female_hero02|Hero
trp_female_hero02_pl|Hero
trp_female_hero03|Hero
trp_female_hero03_pl|Hero
trp_female_hero04|Hero
trp_female_hero04_pl|Hero
trp_female_hero05|Hero
trp_female_hero05_pl|Hero
trp_female_hero06|Hero
trp_female_hero06_pl|Hero
trp_female_hero07|Hero
trp_female_hero07_pl|Hero
trp_female_hero08|Hero
trp_female_hero08_pl|Hero
trp_female_hero09|Hero
trp_female_hero09_pl|Hero
trp_female_hero10|Hero
trp_female_hero10_pl|Hero
trp_female_hero11|Hero
trp_female_hero11_pl|Hero
trp_female_hero12|Hero
trp_female_hero12_pl|Hero
trp_female_hero13|Hero
trp_female_hero13_pl|Hero
trp_female_hero14|Hero
trp_female_hero14_pl|Hero
trp_female_hero15|Hero
trp_female_hero15_pl|Hero
trp_female_hero16|Hero
trp_female_hero16_pl|Hero
trp_female_hero17|Hero
trp_female_hero17_pl|Hero
trp_female_hero18|Hero
trp_female_hero18_pl|Hero
trp_female_hero19|Hero
trp_female_hero19_pl|Hero
trp_female_hero20|Hero
trp_female_hero20_pl|Hero
trp_female_hero21|Hero
trp_female_hero21_pl|Hero
trp_female_hero22|Hero
trp_female_hero22_pl|Hero
trp_female_hero23|Hero
trp_female_hero23_pl|Hero
trp_female_hero24|Hero
trp_female_hero24_pl|Hero
trp_female_hero25|Hero
trp_female_hero25_pl|Hero
trp_female_hero26|Hero
trp_female_hero26_pl|Hero
trp_female_hero27|Hero
trp_female_hero27_pl|Hero
trp_female_hero28|Hero
trp_female_hero28_pl|Hero
trp_female_hero29|Hero
trp_female_hero29_pl|Hero
trp_female_hero30|Hero
trp_female_hero30_pl|Hero
trp_female_hero31|Hero
trp_female_hero31_pl|Hero
trp_female_hero32|Hero
trp_female_hero32_pl|Hero
trp_female_hero33|Hero
trp_female_hero33_pl|Hero
trp_female_hero34|Hero
trp_female_hero34_pl|Hero
trp_female_hero35|Hero
trp_female_hero35_pl|Hero
trp_female_hero36|Hero
trp_female_hero36_pl|Hero
trp_female_hero37|Hero
trp_female_hero37_pl|Hero
trp_female_hero38|Hero
trp_female_hero38_pl|Hero
trp_female_hero39|Hero
trp_female_hero39_pl|Hero
trp_female_hero40|Hero
trp_female_hero40_pl|Hero
trp_female_hero41|Hero
trp_female_hero41_pl|Hero
trp_female_hero42|Hero
trp_female_hero42_pl|Hero
trp_female_hero43|Hero
trp_female_hero43_pl|Hero
trp_female_hero44|Hero
trp_female_hero44_pl|Hero
trp_female_hero45|Hero
trp_female_hero45_pl|Hero
trp_female_hero46|Hero
trp_female_hero46_pl|Hero
trp_female_hero47|Hero
trp_female_hero47_pl|Hero
trp_female_hero48|Hero
trp_female_hero48_pl|Hero
trp_female_hero49|Hero
trp_female_hero49_pl|Hero
trp_female_hero50|Hero
trp_female_hero50_pl|Hero
trp_hero_end|Hero
trp_hero_end_pl|Hero
trp_kingdom_1_lord|皇 帝 波 拿 巴 拿 破 仑 ·波 拿 巴
trp_kingdom_1_lord_pl|皇 帝 波 拿 巴 拿 破 仑 ·波 拿 巴
trp_kingdom_2_lord|Feld Marschal 布 吕 歇 尔 元 帅
trp_kingdom_2_lord_pl|Feld Marschal 布 吕 歇 尔 元 帅
trp_kingdom_3_lord|将 军 Arthur 威 灵 顿 公 爵
trp_kingdom_3_lord_pl|将 军 Arthur 威 灵 顿 公 爵
trp_kingdom_4_lord|William the 奥 兰 治 亲 王
trp_kingdom_4_lord_pl|William the 奥 兰 治 亲 王
trp_kingdom_5_lord|Der Schwartze Herzog
trp_kingdom_5_lord_pl|Der Schwartze Herzog
trp_kingdom_6_lord|Herzog Karl
trp_kingdom_6_lord_pl|Herzog Karl
trp_knight_1_1|内 伊 元 帅
trp_knight_1_1_pl|内 伊 元 帅
trp_knight_1_2|元 帅 Louis
trp_knight_1_2_pl|元 帅 Louis
trp_knight_1_3|Marsal 格 鲁 希 元 帅
trp_knight_1_3_pl|Marsal 格 鲁 希 元 帅
trp_knight_1_4|伯 爵 Clais
trp_knight_1_4_pl|伯 爵 Clais
trp_knight_1_5|伯 爵 Deglan
trp_knight_1_5_pl|伯 爵 Deglan
trp_knight_1_6|伯 爵 Tredian
trp_knight_1_6_pl|伯 爵 Tredian
trp_knight_1_7|伯 爵 Grainwad
trp_knight_1_7_pl|伯 爵 Grainwad
trp_knight_1_8|伯 爵 Ryis
trp_knight_1_8_pl|伯 爵 Ryis
trp_knight_1_9|伯 爵 Plais
trp_knight_1_9_pl|伯 爵 Plais
trp_knight_1_10|伯 爵 Mirchaud
trp_knight_1_10_pl|伯 爵 Mirchaud
trp_knight_1_11|伯 爵 Stamar
trp_knight_1_11_pl|伯 爵 Stamar
trp_knight_1_12|伯 爵 Meltor
trp_knight_1_12_pl|伯 爵 Meltor
trp_knight_1_13|伯 爵 Beranz
trp_knight_1_13_pl|伯 爵 Beranz
trp_knight_1_14|伯 爵 Rafard
trp_knight_1_14_pl|伯 爵 Rafard
trp_knight_1_15|伯 爵 Regas
trp_knight_1_15_pl|伯 爵 Regas
trp_knight_1_16|伯 爵 Devlian
trp_knight_1_16_pl|伯 爵 Devlian
trp_knight_1_17|伯 爵 Rafarch
trp_knight_1_17_pl|伯 爵 Rafarch
trp_knight_1_18|伯 爵 Rochabarth
trp_knight_1_18_pl|伯 爵 Rochabarth
trp_knight_1_19|伯 爵 Despin
trp_knight_1_19_pl|伯 爵 Despin
trp_knight_1_20|将 军 Montewar
trp_knight_1_20_pl|将 军 Montewar
trp_knight_2_1|Herr Oberst Kaminski
trp_knight_2_1_pl|Herr Oberst Kaminski
trp_knight_2_2|Herr 少 校 Meier
trp_knight_2_2_pl|Herr 少 校 Meier
trp_knight_2_3|Herr 少 校 Von Leonardt
trp_knight_2_3_pl|Herr 少 校 Von Leonardt
trp_knight_2_4|Herr Hauptman Klemens
trp_knight_2_4_pl|Herr Hauptman Klemens
trp_knight_2_5|Herr Oberst Von Treptau
trp_knight_2_5_pl|Herr Oberst Von Treptau
trp_knight_2_6|Herr 少 校 Von Kowalka
trp_knight_2_6_pl|Herr 少 校 Von Kowalka
trp_knight_2_7|Herr 少 校 Von Steinwitz
trp_knight_2_7_pl|Herr 少 校 Von Steinwitz
trp_knight_2_8|Herr 将 军 Von Krauseneck
trp_knight_2_8_pl|Herr 将 军 Von Krauseneck
trp_knight_2_9|Herr Generalleutnant Stefan Roder
trp_knight_2_9_pl|Herr Generalleutnant Stefan Roder
trp_knight_2_10|Herr Generalmajo Von Pirch
trp_knight_2_10_pl|Herr Generalmajo Von Pirch
trp_knight_2_11|Herr Oberstleutnant Von Sohr
trp_knight_2_11_pl|Herr Oberstleutnant Von Sohr
trp_knight_2_12|Herr 将 军 Von Holtzendorff
trp_knight_2_12_pl|Herr 将 军 Von Holtzendorff
trp_knight_2_13|Herr Oberstleutnant Von Lutzow
trp_knight_2_13_pl|Herr Oberstleutnant Von Lutzow
trp_knight_2_14|Herr Oberst Von Thumen
trp_knight_2_14_pl|Herr Oberst Von Thumen
trp_knight_2_15|Herr Generalleutnant Freiherr Von Thielemann
trp_knight_2_15_pl|Herr Generalleutnant Freiherr Von Thielemann
trp_knight_2_16|Herr 将 军 Friedrich Ludwig Prinz Von Prussen
trp_knight_2_16_pl|Herr 将 军 Friedrich Ludwig Prinz Von Prussen
trp_knight_2_17|Herr Oberst Von Der Schulenberg
trp_knight_2_17_pl|Herr Oberst Von Der Schulenberg
trp_knight_2_18|Herr Oberst Von Monhaupt
trp_knight_2_18_pl|Herr Oberst Von Monhaupt
trp_knight_2_19|Herr Oberst Von Der Marwitz
trp_knight_2_19_pl|Herr Oberst Von Der Marwitz
trp_knight_2_20|Herr Generalmajor Von Brauser
trp_knight_2_20_pl|Herr Generalmajor Von Brauser
trp_knight_3_1|上 尉 Huge B Montgomerie
trp_knight_3_1_pl|上 尉 Huge B Montgomerie
trp_knight_3_2|上 尉 Thomas Crauford
trp_knight_3_2_pl|上 尉 Thomas Crauford
trp_knight_3_3|Sir Arthur 威 灵 顿 公 爵
trp_knight_3_3_pl|Sir Arthur 威 灵 顿 公 爵
trp_knight_3_4|上 尉 Edward Sumner
trp_knight_3_4_pl|上 尉 Edward Sumner
trp_knight_3_5|上 尉 John Blackman
trp_knight_3_5_pl|上 尉 John Blackman
trp_knight_3_6|少 尉 少 官 Edward Pardoe
trp_knight_3_6_pl|少 尉 少 官 Edward Pardoe
trp_knight_3_7|上 尉 Edward Grose
trp_knight_3_7_pl|上 尉 Edward Grose
trp_knight_3_8|上 尉 Hastings Forbes
trp_knight_3_8_pl|上 尉 Hastings Forbes
trp_knight_3_9|Lt Col Charles Thomas
trp_knight_3_9_pl|Lt Col Charles Thomas
trp_knight_3_10|Lt Col Alexander Gordon
trp_knight_3_10_pl|Lt Col Alexander Gordon
trp_knight_3_11|上 尉 Charles Eeeles
trp_knight_3_11_pl|上 尉 Charles Eeeles
trp_knight_3_12|上 尉 William Curzon
trp_knight_3_12_pl|上 尉 William Curzon
trp_knight_3_13|Lt Col Edward Currie
trp_knight_3_13_pl|Lt Col Edward Currie
trp_knight_3_14|上 尉 Walter Crofton
trp_knight_3_14_pl|上 尉 Walter Crofton
trp_knight_3_15|上 尉 Newton Chambers
trp_knight_3_15_pl|上 尉 Newton Chambers
trp_knight_3_16|上 尉 Nelsons
trp_knight_3_16_pl|上 尉 Nelsons
trp_knight_3_17|少 校 Belleview
trp_knight_3_17_pl|少 校 Belleview
trp_knight_3_18|Lt Col Sir Arthur Ramsey
trp_knight_3_18_pl|Lt Col Sir Arthur Ramsey
trp_knight_3_19|Lt Col Adamson
trp_knight_3_19_pl|Lt Col Adamson
trp_knight_3_20|Lt Col Roberts
trp_knight_3_20_pl|Lt Col Roberts
trp_knight_4_1|上 校 Volconski
trp_knight_4_1_pl|上 校 Volconski
trp_knight_4_2|上 校 Dion
trp_knight_4_2_pl|上 校 Dion
trp_knight_4_3|少 校 Viccard
trp_knight_4_3_pl|少 校 Viccard
trp_knight_4_4|少 校 Farsight
trp_knight_4_4_pl|少 校 Farsight
trp_knight_4_5|上 尉 Smerden
trp_knight_4_5_pl|上 尉 Smerden
trp_knight_4_6|少 校 Herrman
trp_knight_4_6_pl|少 校 Herrman
trp_knight_4_7|少 校 Harald
trp_knight_4_7_pl|少 校 Harald
trp_knight_4_8|上 校 Jan
trp_knight_4_8_pl|上 校 Jan
trp_knight_4_9|上 校 Jason
trp_knight_4_9_pl|上 校 Jason
trp_knight_4_10|上 校 Turegor
trp_knight_4_10_pl|上 校 Turegor
trp_knight_4_11|上 尉 Logarson
trp_knight_4_11_pl|上 尉 Logarson
trp_knight_4_12|上 校 Aeric
trp_knight_4_12_pl|上 校 Aeric
trp_knight_4_13|上 校 Faarn
trp_knight_4_13_pl|上 校 Faarn
trp_knight_4_14|上 尉 Bulba
trp_knight_4_14_pl|上 尉 Bulba
trp_knight_4_15|男 爵 Ray
trp_knight_4_15_pl|男 爵 Ray
trp_knight_4_16|Field Marshall Broushe
trp_knight_4_16_pl|Field Marshall Broushe
trp_knight_4_17|上 校 Hans
trp_knight_4_17_pl|上 校 Hans
trp_knight_4_18|上 尉 Gearth
trp_knight_4_18_pl|上 尉 Gearth
trp_knight_4_19|上 尉 Dicks
trp_knight_4_19_pl|上 尉 Dicks
trp_knight_4_20|少 校 Gerald
trp_knight_4_20_pl|少 校 Gerald
trp_knight_5_1|伯 爵 Matheas
trp_knight_5_1_pl|伯 爵 Matheas
trp_knight_5_2|伯 爵 Gutlans
trp_knight_5_2_pl|伯 爵 Gutlans
trp_knight_5_3|伯 爵 Laruqen
trp_knight_5_3_pl|伯 爵 Laruqen
trp_knight_5_4|伯 爵 Raichs
trp_knight_5_4_pl|伯 爵 Raichs
trp_knight_5_5|伯 爵 Reland
trp_knight_5_5_pl|伯 爵 Reland
trp_knight_5_6|伯 爵 Tarchias
trp_knight_5_6_pl|伯 爵 Tarchias
trp_knight_5_7|伯 爵 Gharmall
trp_knight_5_7_pl|伯 爵 Gharmall
trp_knight_5_8|伯 爵 Talbar
trp_knight_5_8_pl|伯 爵 Talbar
trp_knight_5_9|伯 爵 Rimusk
trp_knight_5_9_pl|伯 爵 Rimusk
trp_knight_5_10|伯 爵 Falsevor
trp_knight_5_10_pl|伯 爵 Falsevor
trp_knight_5_11|伯 爵 Etrosq
trp_knight_5_11_pl|伯 爵 Etrosq
trp_knight_5_12|伯 爵 Kurnias
trp_knight_5_12_pl|伯 爵 Kurnias
trp_knight_5_13|伯 爵 Tellrog
trp_knight_5_13_pl|伯 爵 Tellrog
trp_knight_5_14|伯 爵 Tribidan
trp_knight_5_14_pl|伯 爵 Tribidan
trp_knight_5_15|伯 爵 Gerluchs
trp_knight_5_15_pl|伯 爵 Gerluchs
trp_knight_5_16|伯 爵 Fudreim
trp_knight_5_16_pl|伯 爵 Fudreim
trp_knight_5_17|伯 爵 Nealcha
trp_knight_5_17_pl|伯 爵 Nealcha
trp_knight_5_18|伯 爵 Fraichin
trp_knight_5_18_pl|伯 爵 Fraichin
trp_knight_5_19|伯 爵 Trimbau
trp_knight_5_19_pl|伯 爵 Trimbau
trp_knight_5_20|伯 爵 Reichsin
trp_knight_5_20_pl|伯 爵 Reichsin
trp_knight_6_1|上 校 施 瓦 岑 贝 格 亲 王
trp_knight_6_1_pl|上 校 施 瓦 岑 贝 格 亲 王
trp_knight_6_2|上 校 Adolf Metternich
trp_knight_6_2_pl|上 校 Adolf Metternich
trp_knight_6_3|上 校 Radetzky
trp_knight_6_3_pl|上 校 Radetzky
trp_knight_6_4|上 校 Berzsenyi Daniel
trp_knight_6_4_pl|上 校 Berzsenyi Daniel
trp_knight_6_5|grof Szechenyi Istvan
trp_knight_6_5_pl|grof Szechenyi Istvan
trp_knight_6_6|Simonyi Janos Obester
trp_knight_6_6_pl|Simonyi Janos Obester
trp_knight_6_7|男 爵 Lichtenstein
trp_knight_6_7_pl|男 爵 Lichtenstein
trp_knight_6_8|上 尉 Wesselenyi Eugen
trp_knight_6_8_pl|上 尉 Wesselenyi Eugen
trp_knight_6_9|伯 爵 Samuel
trp_knight_6_9_pl|伯 爵 Samuel
trp_knight_6_10|上 尉 Franz
trp_knight_6_10_pl|上 尉 Franz
trp_knight_6_11|上 校 Friedrich
trp_knight_6_11_pl|上 校 Friedrich
trp_knight_6_12|上 校 Esterhazy Bence
trp_knight_6_12_pl|上 校 Esterhazy Bence
trp_knight_6_13|少 校 Peter
trp_knight_6_13_pl|少 校 Peter
trp_knight_6_14|上 校 Hadik Sigismund
trp_knight_6_14_pl|上 校 Hadik Sigismund
trp_knight_6_15|grof Andrassy Gyula
trp_knight_6_15_pl|grof Andrassy Gyula
trp_knight_6_16|上 尉 Johnas
trp_knight_6_16_pl|上 尉 Johnas
trp_knight_6_17|上 尉 Ulrich
trp_knight_6_17_pl|上 尉 Ulrich
trp_knight_6_18|上 尉 Schneider
trp_knight_6_18_pl|上 尉 Schneider
trp_knight_6_19|上 尉 Hetfield
trp_knight_6_19_pl|上 尉 Hetfield
trp_knight_6_20|上 尉 Hans
trp_knight_6_20_pl|上 尉 Hans
trp_kingdom_1_pretender|Queen Constance
trp_kingdom_1_pretender_pl|Queen Constance
trp_kingdom_2_pretender|亲 王 Hohenstaufen
trp_kingdom_2_pretender_pl|亲 王 Hohenstaufen
trp_kingdom_3_pretender|Nash Rose
trp_kingdom_3_pretender_pl|Nash Rose
trp_kingdom_4_pretender|Oranian Gustav
trp_kingdom_4_pretender_pl|Oranian Gustav
trp_kingdom_5_pretender|国 王 Charles III
trp_kingdom_5_pretender_pl|国 王 Charles III
trp_kingdom_6_pretender|Louis Kossuth the Rebel
trp_kingdom_6_pretender_pl|Louis Kossuth the Rebel
trp_knight_1_1_wife|Error - knight 1 1 wife should not appear in game
trp_knight_1_1_wife_pl|Error - knight 1 1 wife should not appear in game
trp_kingdom_1_lady_1|贵 夫 人 Anna
trp_kingdom_1_lady_1_pl|贵 夫 人 Anna
trp_kingdom_1_lady_2|贵 夫 人 Nelda
trp_kingdom_1_lady_2_pl|贵 夫 人 Nelda
trp_knight_1_lady_3|贵 夫 人 Bela
trp_knight_1_lady_3_pl|贵 夫 人 Bela
trp_knight_1_lady_4|贵 夫 人 Elina
trp_knight_1_lady_4_pl|贵 夫 人 Elina
trp_kingdom_l_lady_5|贵 夫 人 Constanis
trp_kingdom_l_lady_5_pl|贵 夫 人 Constanis
trp_kingdom_1_lady_6|贵 夫 人 Vera
trp_kingdom_1_lady_6_pl|贵 夫 人 Vera
trp_kingdom_1_lady_7|贵 夫 人 Auberina
trp_kingdom_1_lady_7_pl|贵 夫 人 Auberina
trp_kingdom_1_lady_8|贵 夫 人 Tibal
trp_kingdom_1_lady_8_pl|贵 夫 人 Tibal
trp_kingdom_1_lady_9|贵 夫 人 Magar
trp_kingdom_1_lady_9_pl|贵 夫 人 Magar
trp_kingdom_1_lady_10|贵 夫 人 Thedosa
trp_kingdom_1_lady_10_pl|贵 夫 人 Thedosa
trp_kingdom_1_lady_11|贵 夫 人 Melisar
trp_kingdom_1_lady_11_pl|贵 夫 人 Melisar
trp_kingdom_1_lady_12|贵 夫 人 Irena
trp_kingdom_1_lady_12_pl|贵 夫 人 Irena
trp_kingdom_l_lady_13|贵 夫 人 Philenna
trp_kingdom_l_lady_13_pl|贵 夫 人 Philenna
trp_kingdom_1_lady_14|贵 夫 人 Sonadel
trp_kingdom_1_lady_14_pl|贵 夫 人 Sonadel
trp_kingdom_1_lady_15|贵 夫 人 Boadila
trp_kingdom_1_lady_15_pl|贵 夫 人 Boadila
trp_kingdom_1_lady_16|贵 夫 人 Elys
trp_kingdom_1_lady_16_pl|贵 夫 人 Elys
trp_kingdom_1_lady_17|贵 夫 人 Johana
trp_kingdom_1_lady_17_pl|贵 夫 人 Johana
trp_kingdom_1_lady_18|贵 夫 人 Bernatys
trp_kingdom_1_lady_18_pl|贵 夫 人 Bernatys
trp_kingdom_1_lady_19|贵 夫 人 Enricata
trp_kingdom_1_lady_19_pl|贵 夫 人 Enricata
trp_kingdom_1_lady_20|贵 夫 人 Gaeta
trp_kingdom_1_lady_20_pl|贵 夫 人 Gaeta
trp_kingdom_2_lady_1|贵 夫 人 Junitha
trp_kingdom_2_lady_1_pl|贵 夫 人 Junitha
trp_kingdom_2_lady_2|贵 夫 人 Katia
trp_kingdom_2_lady_2_pl|贵 夫 人 Katia
trp_kingdom_2_lady_3|贵 夫 人 Seomis
trp_kingdom_2_lady_3_pl|贵 夫 人 Seomis
trp_kingdom_2_lady_4|贵 夫 人 Drina
trp_kingdom_2_lady_4_pl|贵 夫 人 Drina
trp_kingdom_2_lady_5|贵 夫 人 Nesha
trp_kingdom_2_lady_5_pl|贵 夫 人 Nesha
trp_kingdom_2_lady_6|贵 夫 人 Tabath
trp_kingdom_2_lady_6_pl|贵 夫 人 Tabath
trp_kingdom_2_lady_7|贵 夫 人 Pelaeka
trp_kingdom_2_lady_7_pl|贵 夫 人 Pelaeka
trp_kingdom_2_lady_8|贵 夫 人 Haris
trp_kingdom_2_lady_8_pl|贵 夫 人 Haris
trp_kingdom_2_lady_9|贵 夫 人 Vayen
trp_kingdom_2_lady_9_pl|贵 夫 人 Vayen
trp_kingdom_2_lady_10|贵 夫 人 Joaka
trp_kingdom_2_lady_10_pl|贵 夫 人 Joaka
trp_kingdom_2_lady_11|贵 夫 人 Tejina
trp_kingdom_2_lady_11_pl|贵 夫 人 Tejina
trp_kingdom_2_lady_12|贵 夫 人 Olekseia
trp_kingdom_2_lady_12_pl|贵 夫 人 Olekseia
trp_kingdom_2_lady_13|贵 夫 人 Myntha
trp_kingdom_2_lady_13_pl|贵 夫 人 Myntha
trp_kingdom_2_lady_14|贵 夫 人 Akilina
trp_kingdom_2_lady_14_pl|贵 夫 人 Akilina
trp_kingdom_2_lady_15|贵 夫 人 Sepana
trp_kingdom_2_lady_15_pl|贵 夫 人 Sepana
trp_kingdom_2_lady_16|贵 夫 人 Iarina
trp_kingdom_2_lady_16_pl|贵 夫 人 Iarina
trp_kingdom_2_lady_17|贵 夫 人 Sihavan
trp_kingdom_2_lady_17_pl|贵 夫 人 Sihavan
trp_kingdom_2_lady_18|贵 夫 人 Erenchina
trp_kingdom_2_lady_18_pl|贵 夫 人 Erenchina
trp_kingdom_2_lady_19|贵 夫 人 Tamar
trp_kingdom_2_lady_19_pl|贵 夫 人 Tamar
trp_kingdom_2_lady_20|贵 夫 人 Valka
trp_kingdom_2_lady_20_pl|贵 夫 人 Valka
trp_kingdom_3_lady_1|贵 夫 人 Borge
trp_kingdom_3_lady_1_pl|贵 夫 人 Borge
trp_kingdom_3_lady_2|贵 夫 人 Tuan
trp_kingdom_3_lady_2_pl|贵 夫 人 Tuan
trp_kingdom_3_lady_3|贵 夫 人 Mahraz
trp_kingdom_3_lady_3_pl|贵 夫 人 Mahraz
trp_kingdom_3_lady_4|贵 夫 人 Ayasu
trp_kingdom_3_lady_4_pl|贵 夫 人 Ayasu
trp_kingdom_3_lady_5|贵 夫 人 Ravin
trp_kingdom_3_lady_5_pl|贵 夫 人 Ravin
trp_kingdom_3_lady_6|贵 夫 人 Ruha
trp_kingdom_3_lady_6_pl|贵 夫 人 Ruha
trp_kingdom_3_lady_7|贵 夫 人 Chedina
trp_kingdom_3_lady_7_pl|贵 夫 人 Chedina
trp_kingdom_3_lady_8|贵 夫 人 Kefra
trp_kingdom_3_lady_8_pl|贵 夫 人 Kefra
trp_kingdom_3_lady_9|贵 夫 人 Nirvaz
trp_kingdom_3_lady_9_pl|贵 夫 人 Nirvaz
trp_kingdom_3_lady_10|贵 夫 人 Dulua
trp_kingdom_3_lady_10_pl|贵 夫 人 Dulua
trp_kingdom_3_lady_11|贵 夫 人 Selik
trp_kingdom_3_lady_11_pl|贵 夫 人 Selik
trp_kingdom_3_lady_12|贵 夫 人 Thalatha
trp_kingdom_3_lady_12_pl|贵 夫 人 Thalatha
trp_kingdom_3_lady_13|贵 夫 人 Yasreen
trp_kingdom_3_lady_13_pl|贵 夫 人 Yasreen
trp_kingdom_3_lady_14|贵 夫 人 Nadha
trp_kingdom_3_lady_14_pl|贵 夫 人 Nadha
trp_kingdom_3_lady_15|贵 夫 人 Zenur
trp_kingdom_3_lady_15_pl|贵 夫 人 Zenur
trp_kingdom_3_lady_16|贵 夫 人 Arjis
trp_kingdom_3_lady_16_pl|贵 夫 人 Arjis
trp_kingdom_3_lady_17|贵 夫 人 Atjahan
trp_kingdom_3_lady_17_pl|贵 夫 人 Atjahan
trp_kingdom_3_lady_18|贵 夫 人 Qutala
trp_kingdom_3_lady_18_pl|贵 夫 人 Qutala
trp_kingdom_3_lady_19|贵 夫 人 Hindal
trp_kingdom_3_lady_19_pl|贵 夫 人 Hindal
trp_kingdom_3_lady_20|贵 夫 人 Mechet
trp_kingdom_3_lady_20_pl|贵 夫 人 Mechet
trp_kingdom_4_lady_1|贵 夫 人 Jadeth
trp_kingdom_4_lady_1_pl|贵 夫 人 Jadeth
trp_kingdom_4_lady_2|贵 夫 人 Miar
trp_kingdom_4_lady_2_pl|贵 夫 人 Miar
trp_kingdom_4_lady_3|贵 夫 人 Dria
trp_kingdom_4_lady_3_pl|贵 夫 人 Dria
trp_kingdom_4_lady_4|贵 夫 人 Glunde
trp_kingdom_4_lady_4_pl|贵 夫 人 Glunde
trp_kingdom_4_lady_5|贵 夫 人 Loeka
trp_kingdom_4_lady_5_pl|贵 夫 人 Loeka
trp_kingdom_4_lady_6|贵 夫 人 Bryn
trp_kingdom_4_lady_6_pl|贵 夫 人 Bryn
trp_kingdom_4_lady_7|贵 夫 人 Eir
trp_kingdom_4_lady_7_pl|贵 夫 人 Eir
trp_knight_4_2b_daughter_1|贵 夫 人 Thera
trp_knight_4_2b_daughter_1_pl|贵 夫 人 Thera
trp_kingdom_4_lady_9|贵 夫 人 Hild
trp_kingdom_4_lady_9_pl|贵 夫 人 Hild
trp_knight_4_2c_wife_1|贵 夫 人 Endegrid
trp_knight_4_2c_wife_1_pl|贵 夫 人 Endegrid
trp_kingdom_4_lady_11|贵 夫 人 Herjasa
trp_kingdom_4_lady_11_pl|贵 夫 人 Herjasa
trp_knight_4_2c_daughter|贵 夫 人 Svipul
trp_knight_4_2c_daughter_pl|贵 夫 人 Svipul
trp_knight_4_1b_wife|贵 夫 人 Ingunn
trp_knight_4_1b_wife_pl|贵 夫 人 Ingunn
trp_kingdom_4_lady_14|贵 夫 人 Kaeteli
trp_kingdom_4_lady_14_pl|贵 夫 人 Kaeteli
trp_knight_4_1b_daughter|贵 夫 人 Eilif
trp_knight_4_1b_daughter_pl|贵 夫 人 Eilif
trp_knight_4_2b_daughter_2|贵 夫 人 Gudrun
trp_knight_4_2b_daughter_2_pl|贵 夫 人 Gudrun
trp_kingdom_4_lady_17|贵 夫 人 Bergit
trp_kingdom_4_lady_17_pl|贵 夫 人 Bergit
trp_knight_4_2c_wife_2|贵 夫 人 Aesa
trp_knight_4_2c_wife_2_pl|贵 夫 人 Aesa
trp_knight_4_1c_daughter|贵 夫 人 Alfrun
trp_knight_4_1c_daughter_pl|贵 夫 人 Alfrun
trp_kingdom_4_lady_20|贵 夫 人 Afrid
trp_kingdom_4_lady_20_pl|贵 夫 人 Afrid
trp_kingdom_5_lady_1|贵 夫 人 Brina
trp_kingdom_5_lady_1_pl|贵 夫 人 Brina
trp_kingdom_5_lady_2|贵 夫 人 Aliena
trp_kingdom_5_lady_2_pl|贵 夫 人 Aliena
trp_kingdom_5_lady_3|贵 夫 人 Aneth
trp_kingdom_5_lady_3_pl|贵 夫 人 Aneth
trp_kingdom_5_lady_4|贵 夫 人 Reada
trp_kingdom_5_lady_4_pl|贵 夫 人 Reada
trp_kingdom_5_5_wife|贵 夫 人 Saraten
trp_kingdom_5_5_wife_pl|贵 夫 人 Saraten
trp_kingdom_5_2b_wife_1|贵 夫 人 Baotheia
trp_kingdom_5_2b_wife_1_pl|贵 夫 人 Baotheia
trp_kingdom_5_1c_daughter_1|贵 夫 人 Eleandra
trp_kingdom_5_1c_daughter_1_pl|贵 夫 人 Eleandra
trp_kingdom_5_2c_daughter_1|贵 夫 人 Meraced
trp_kingdom_5_2c_daughter_1_pl|贵 夫 人 Meraced
trp_kingdom_5_1c_wife_1|贵 夫 人 Adelisa
trp_kingdom_5_1c_wife_1_pl|贵 夫 人 Adelisa
trp_kingdom_5_2c_wife_1|贵 夫 人 Calantina
trp_kingdom_5_2c_wife_1_pl|贵 夫 人 Calantina
trp_kingdom_5_1c_daughter_2|贵 夫 人 Forbesa
trp_kingdom_5_1c_daughter_2_pl|贵 夫 人 Forbesa
trp_kingdom_5_2c_daughter_2|贵 夫 人 Claudora
trp_kingdom_5_2c_daughter_2_pl|贵 夫 人 Claudora
trp_kingdom_5_1b_wife|贵 夫 人 Anais
trp_kingdom_5_1b_wife_pl|贵 夫 人 Anais
trp_kingdom_5_2b_wife_2|贵 夫 人 Miraeia
trp_kingdom_5_2b_wife_2_pl|贵 夫 人 Miraeia
trp_kingdom_5_1c_daughter_3|贵 夫 人 Agasia
trp_kingdom_5_1c_daughter_3_pl|贵 夫 人 Agasia
trp_kingdom_5_lady_16|贵 夫 人 Geneiava
trp_kingdom_5_lady_16_pl|贵 夫 人 Geneiava
trp_kingdom_5_1c_wife_2|贵 夫 人 Gwenael
trp_kingdom_5_1c_wife_2_pl|贵 夫 人 Gwenael
trp_kingdom_5_2c_wife_2|贵 夫 人 Ysueth
trp_kingdom_5_2c_wife_2_pl|贵 夫 人 Ysueth
trp_kingdom_5_1c_daughter_4|贵 夫 人 Ellian
trp_kingdom_5_1c_daughter_4_pl|贵 夫 人 Ellian
trp_kingdom_5_lady_20|贵 夫 人 Timethi
trp_kingdom_5_lady_20_pl|贵 夫 人 Timethi
trp_kingdom_6_lady_1|贵 夫 人 Rayma
trp_kingdom_6_lady_1_pl|贵 夫 人 Rayma
trp_kingdom_6_lady_2|贵 夫 人 Thanaikha
trp_kingdom_6_lady_2_pl|贵 夫 人 Thanaikha
trp_kingdom_6_lady_3|贵 夫 人 Sulaha
trp_kingdom_6_lady_3_pl|贵 夫 人 Sulaha
trp_kingdom_6_lady_4|贵 夫 人 Shatha
trp_kingdom_6_lady_4_pl|贵 夫 人 Shatha
trp_kingdom_6_lady_5|贵 夫 人 Bawthan
trp_kingdom_6_lady_5_pl|贵 夫 人 Bawthan
trp_kingdom_6_lady_6|贵 夫 人 Mahayl
trp_kingdom_6_lady_6_pl|贵 夫 人 Mahayl
trp_kingdom_6_lady_7|贵 夫 人 Isna
trp_kingdom_6_lady_7_pl|贵 夫 人 Isna
trp_kingdom_6_lady_8|贵 夫 人 Siyafan
trp_kingdom_6_lady_8_pl|贵 夫 人 Siyafan
trp_kingdom_6_lady_9|贵 夫 人 Ifar
trp_kingdom_6_lady_9_pl|贵 夫 人 Ifar
trp_kingdom_6_lady_10|贵 夫 人 Yasmin
trp_kingdom_6_lady_10_pl|贵 夫 人 Yasmin
trp_kingdom_6_lady_11|贵 夫 人 Dula
trp_kingdom_6_lady_11_pl|贵 夫 人 Dula
trp_kingdom_6_lady_12|贵 夫 人 Ruwa
trp_kingdom_6_lady_12_pl|贵 夫 人 Ruwa
trp_kingdom_6_lady_13|贵 夫 人 Luqa
trp_kingdom_6_lady_13_pl|贵 夫 人 Luqa
trp_kingdom_6_lady_14|贵 夫 人 Zandina
trp_kingdom_6_lady_14_pl|贵 夫 人 Zandina
trp_kingdom_6_lady_15|贵 夫 人 Lulya
trp_kingdom_6_lady_15_pl|贵 夫 人 Lulya
trp_kingdom_6_lady_16|贵 夫 人 Zahara
trp_kingdom_6_lady_16_pl|贵 夫 人 Zahara
trp_kingdom_6_lady_17|贵 夫 人 Safiya
trp_kingdom_6_lady_17_pl|贵 夫 人 Safiya
trp_kingdom_6_lady_18|贵 夫 人 Khalisa
trp_kingdom_6_lady_18_pl|贵 夫 人 Khalisa
trp_kingdom_6_lady_19|贵 夫 人 Janab
trp_kingdom_6_lady_19_pl|贵 夫 人 Janab
trp_kingdom_6_lady_20|贵 夫 人 Sur
trp_kingdom_6_lady_20_pl|贵 夫 人 Sur
trp_heroes_end|{!}heroes end
trp_heroes_end_pl|{!}heroes end
trp_town_1_seneschal|{!}Town 1 Seneschal
trp_town_1_seneschal_pl|{!}Town 1 Seneschal
trp_town_2_seneschal|{!}Town 2 Seneschal
trp_town_2_seneschal_pl|{!}Town 2 Seneschal
trp_town_3_seneschal|{!}Town 3 Seneschal
trp_town_3_seneschal_pl|{!}Town 3 Seneschal
trp_town_4_seneschal|{!}Town 4 Seneschal
trp_town_4_seneschal_pl|{!}Town 4 Seneschal
trp_town_5_seneschal|{!}Town 5 Seneschal
trp_town_5_seneschal_pl|{!}Town 5 Seneschal
trp_town_6_seneschal|{!}Town 6 Seneschal
trp_town_6_seneschal_pl|{!}Town 6 Seneschal
trp_town_7_seneschal|{!}Town 7 Seneschal
trp_town_7_seneschal_pl|{!}Town 7 Seneschal
trp_town_8_seneschal|{!}Town 8 Seneschal
trp_town_8_seneschal_pl|{!}Town 8 Seneschal
trp_town_9_seneschal|{!}Town 9 Seneschal
trp_town_9_seneschal_pl|{!}Town 9 Seneschal
trp_town_10_seneschal|{!}Town 10 Seneschal
trp_town_10_seneschal_pl|{!}Town 10 Seneschal
trp_town_11_seneschal|{!}Town 11 Seneschal
trp_town_11_seneschal_pl|{!}Town 11 Seneschal
trp_town_12_seneschal|{!}Town 12 Seneschal
trp_town_12_seneschal_pl|{!}Town 12 Seneschal
trp_town_13_seneschal|{!}Town 13 Seneschal
trp_town_13_seneschal_pl|{!}Town 13 Seneschal
trp_town_14_seneschal|{!}Town 14 Seneschal
trp_town_14_seneschal_pl|{!}Town 14 Seneschal
trp_town_15_seneschal|{!}Town 15 Seneschal
trp_town_15_seneschal_pl|{!}Town 15 Seneschal
trp_town_16_seneschal|{!}Town 16 Seneschal
trp_town_16_seneschal_pl|{!}Town 16 Seneschal
trp_town_17_seneschal|{!}Town17 Seneschal
trp_town_17_seneschal_pl|{!}Town17 Seneschal
trp_town_18_seneschal|{!}Town 18 Seneschal
trp_town_18_seneschal_pl|{!}Town 18 Seneschal
trp_town_19_seneschal|{!}Town 19 Seneschal
trp_town_19_seneschal_pl|{!}Town 19 Seneschal
trp_town_20_seneschal|{!}Town 20 Seneschal
trp_town_20_seneschal_pl|{!}Town 20 Seneschal
trp_town_21_seneschal|{!}Town 21 Seneschal
trp_town_21_seneschal_pl|{!}Town 21 Seneschal
trp_town_22_seneschal|{!}Town 22 Seneschal
trp_town_22_seneschal_pl|{!}Town 22 Seneschal
trp_castle_1_seneschal|{!}Castle 1 Seneschal
trp_castle_1_seneschal_pl|{!}Castle 1 Seneschal
trp_castle_2_seneschal|{!}Castle 2 Seneschal
trp_castle_2_seneschal_pl|{!}Castle 2 Seneschal
trp_castle_3_seneschal|{!}Castle 3 Seneschal
trp_castle_3_seneschal_pl|{!}Castle 3 Seneschal
trp_castle_4_seneschal|{!}Castle 4 Seneschal
trp_castle_4_seneschal_pl|{!}Castle 4 Seneschal
trp_castle_5_seneschal|{!}Castle 5 Seneschal
trp_castle_5_seneschal_pl|{!}Castle 5 Seneschal
trp_castle_6_seneschal|{!}Castle 6 Seneschal
trp_castle_6_seneschal_pl|{!}Castle 6 Seneschal
trp_castle_7_seneschal|{!}Castle 7 Seneschal
trp_castle_7_seneschal_pl|{!}Castle 7 Seneschal
trp_castle_8_seneschal|{!}Castle 8 Seneschal
trp_castle_8_seneschal_pl|{!}Castle 8 Seneschal
trp_castle_9_seneschal|{!}Castle 9 Seneschal
trp_castle_9_seneschal_pl|{!}Castle 9 Seneschal
trp_castle_10_seneschal|{!}Castle 10 Seneschal
trp_castle_10_seneschal_pl|{!}Castle 10 Seneschal
trp_castle_11_seneschal|{!}Castle 11 Seneschal
trp_castle_11_seneschal_pl|{!}Castle 11 Seneschal
trp_castle_12_seneschal|{!}Castle 2 Seneschal
trp_castle_12_seneschal_pl|{!}Castle 2 Seneschal
trp_castle_13_seneschal|{!}Castle 3 Seneschal
trp_castle_13_seneschal_pl|{!}Castle 3 Seneschal
trp_castle_14_seneschal|{!}Castle 4 Seneschal
trp_castle_14_seneschal_pl|{!}Castle 4 Seneschal
trp_castle_15_seneschal|{!}Castle 5 Seneschal
trp_castle_15_seneschal_pl|{!}Castle 5 Seneschal
trp_castle_16_seneschal|{!}Castle 6 Seneschal
trp_castle_16_seneschal_pl|{!}Castle 6 Seneschal
trp_castle_17_seneschal|{!}Castle 7 Seneschal
trp_castle_17_seneschal_pl|{!}Castle 7 Seneschal
trp_castle_18_seneschal|{!}Castle 8 Seneschal
trp_castle_18_seneschal_pl|{!}Castle 8 Seneschal
trp_castle_19_seneschal|{!}Castle 9 Seneschal
trp_castle_19_seneschal_pl|{!}Castle 9 Seneschal
trp_castle_20_seneschal|{!}Castle 20 Seneschal
trp_castle_20_seneschal_pl|{!}Castle 20 Seneschal
trp_castle_21_seneschal|{!}Castle 11 Seneschal
trp_castle_21_seneschal_pl|{!}Castle 11 Seneschal
trp_castle_22_seneschal|{!}Castle 2 Seneschal
trp_castle_22_seneschal_pl|{!}Castle 2 Seneschal
trp_castle_23_seneschal|{!}Castle 3 Seneschal
trp_castle_23_seneschal_pl|{!}Castle 3 Seneschal
trp_castle_24_seneschal|{!}Castle 4 Seneschal
trp_castle_24_seneschal_pl|{!}Castle 4 Seneschal
trp_castle_25_seneschal|{!}Castle 5 Seneschal
trp_castle_25_seneschal_pl|{!}Castle 5 Seneschal
trp_castle_26_seneschal|{!}Castle 6 Seneschal
trp_castle_26_seneschal_pl|{!}Castle 6 Seneschal
trp_castle_27_seneschal|{!}Castle 7 Seneschal
trp_castle_27_seneschal_pl|{!}Castle 7 Seneschal
trp_castle_28_seneschal|{!}Castle 8 Seneschal
trp_castle_28_seneschal_pl|{!}Castle 8 Seneschal
trp_castle_29_seneschal|{!}Castle 9 Seneschal
trp_castle_29_seneschal_pl|{!}Castle 9 Seneschal
trp_castle_30_seneschal|{!}Castle 20 Seneschal
trp_castle_30_seneschal_pl|{!}Castle 20 Seneschal
trp_castle_31_seneschal|{!}Castle 11 Seneschal
trp_castle_31_seneschal_pl|{!}Castle 11 Seneschal
trp_castle_32_seneschal|{!}Castle 2 Seneschal
trp_castle_32_seneschal_pl|{!}Castle 2 Seneschal
trp_castle_33_seneschal|{!}Castle 3 Seneschal
trp_castle_33_seneschal_pl|{!}Castle 3 Seneschal
trp_castle_34_seneschal|{!}Castle 4 Seneschal
trp_castle_34_seneschal_pl|{!}Castle 4 Seneschal
trp_castle_35_seneschal|{!}Castle 5 Seneschal
trp_castle_35_seneschal_pl|{!}Castle 5 Seneschal
trp_castle_36_seneschal|{!}Castle 6 Seneschal
trp_castle_36_seneschal_pl|{!}Castle 6 Seneschal
trp_castle_37_seneschal|{!}Castle 7 Seneschal
trp_castle_37_seneschal_pl|{!}Castle 7 Seneschal
trp_castle_38_seneschal|{!}Castle 8 Seneschal
trp_castle_38_seneschal_pl|{!}Castle 8 Seneschal
trp_castle_39_seneschal|{!}Castle 9 Seneschal
trp_castle_39_seneschal_pl|{!}Castle 9 Seneschal
trp_castle_40_seneschal|{!}Castle 20 Seneschal
trp_castle_40_seneschal_pl|{!}Castle 20 Seneschal
trp_castle_41_seneschal|{!}Castle 20 Seneschal
trp_castle_41_seneschal_pl|{!}Castle 20 Seneschal
trp_castle_42_seneschal|{!}Castle 20 Seneschal
trp_castle_42_seneschal_pl|{!}Castle 20 Seneschal
trp_castle_43_seneschal|{!}Castle 20 Seneschal
trp_castle_43_seneschal_pl|{!}Castle 20 Seneschal
trp_castle_44_seneschal|{!}Castle 20 Seneschal
trp_castle_44_seneschal_pl|{!}Castle 20 Seneschal
trp_castle_45_seneschal|{!}Castle 20 Seneschal
trp_castle_45_seneschal_pl|{!}Castle 20 Seneschal
trp_castle_46_seneschal|{!}Castle 20 Seneschal
trp_castle_46_seneschal_pl|{!}Castle 20 Seneschal
trp_castle_47_seneschal|{!}Castle 20 Seneschal
trp_castle_47_seneschal_pl|{!}Castle 20 Seneschal
trp_castle_48_seneschal|{!}Castle 20 Seneschal
trp_castle_48_seneschal_pl|{!}Castle 20 Seneschal
trp_town_1_arena_master|Tournament Master
trp_town_1_arena_master_pl|Tournament Master
trp_town_2_arena_master|Tournament Master
trp_town_2_arena_master_pl|Tournament Master
trp_town_3_arena_master|Tournament Master
trp_town_3_arena_master_pl|Tournament Master
trp_town_4_arena_master|Tournament Master
trp_town_4_arena_master_pl|Tournament Master
trp_town_5_arena_master|Tournament Master
trp_town_5_arena_master_pl|Tournament Master
trp_town_6_arena_master|Tournament Master
trp_town_6_arena_master_pl|Tournament Master
trp_town_7_arena_master|Tournament Master
trp_town_7_arena_master_pl|Tournament Master
trp_town_8_arena_master|Tournament Master
trp_town_8_arena_master_pl|Tournament Master
trp_town_9_arena_master|Tournament Master
trp_town_9_arena_master_pl|Tournament Master
trp_town_10_arena_master|Tournament Master
trp_town_10_arena_master_pl|Tournament Master
trp_town_11_arena_master|Tournament Master
trp_town_11_arena_master_pl|Tournament Master
trp_town_12_arena_master|Tournament Master
trp_town_12_arena_master_pl|Tournament Master
trp_town_13_arena_master|Tournament Master
trp_town_13_arena_master_pl|Tournament Master
trp_town_14_arena_master|Tournament Master
trp_town_14_arena_master_pl|Tournament Master
trp_town_15_arena_master|Tournament Master
trp_town_15_arena_master_pl|Tournament Master
trp_town_16_arena_master|Tournament Master
trp_town_16_arena_master_pl|Tournament Master
trp_town_17_arena_master|Tournament Master
trp_town_17_arena_master_pl|Tournament Master
trp_town_18_arena_master|Tournament Master
trp_town_18_arena_master_pl|Tournament Master
trp_town_19_arena_master|Tournament Master
trp_town_19_arena_master_pl|Tournament Master
trp_town_20_arena_master|Tournament Master
trp_town_20_arena_master_pl|Tournament Master
trp_town_21_arena_master|Tournament Master
trp_town_21_arena_master_pl|Tournament Master
trp_town_22_arena_master|Tournament Master
trp_town_22_arena_master_pl|Tournament Master
trp_town_1_armorer|军 械 盔 甲 商
trp_town_1_armorer_pl|军 械 盔 甲 商
trp_town_2_armorer|军 械 盔 甲 商
trp_town_2_armorer_pl|军 械 盔 甲 商
trp_town_3_armorer|军 械 盔 甲 商
trp_town_3_armorer_pl|军 械 盔 甲 商
trp_town_4_armorer|军 械 盔 甲 商
trp_town_4_armorer_pl|军 械 盔 甲 商
trp_town_5_armorer|军 械 盔 甲 商
trp_town_5_armorer_pl|军 械 盔 甲 商
trp_town_6_armorer|军 械 盔 甲 商
trp_town_6_armorer_pl|军 械 盔 甲 商
trp_town_7_armorer|军 械 盔 甲 商
trp_town_7_armorer_pl|军 械 盔 甲 商
trp_town_8_armorer|军 械 盔 甲 商
trp_town_8_armorer_pl|军 械 盔 甲 商
trp_town_9_armorer|军 械 盔 甲 商
trp_town_9_armorer_pl|军 械 盔 甲 商
trp_town_10_armorer|军 械 盔 甲 商
trp_town_10_armorer_pl|军 械 盔 甲 商
trp_town_11_armorer|军 械 盔 甲 商
trp_town_11_armorer_pl|军 械 盔 甲 商
trp_town_12_armorer|军 械 盔 甲 商
trp_town_12_armorer_pl|军 械 盔 甲 商
trp_town_13_armorer|军 械 盔 甲 商
trp_town_13_armorer_pl|军 械 盔 甲 商
trp_town_14_armorer|军 械 盔 甲 商
trp_town_14_armorer_pl|军 械 盔 甲 商
trp_town_15_armorer|军 械 盔 甲 商
trp_town_15_armorer_pl|军 械 盔 甲 商
trp_town_16_armorer|军 械 盔 甲 商
trp_town_16_armorer_pl|军 械 盔 甲 商
trp_town_17_armorer|军 械 盔 甲 商
trp_town_17_armorer_pl|军 械 盔 甲 商
trp_town_18_armorer|军 械 盔 甲 商
trp_town_18_armorer_pl|军 械 盔 甲 商
trp_town_19_armorer|军 械 盔 甲 商
trp_town_19_armorer_pl|军 械 盔 甲 商
trp_town_20_armorer|军 械 盔 甲 商
trp_town_20_armorer_pl|军 械 盔 甲 商
trp_town_21_armorer|军 械 盔 甲 商
trp_town_21_armorer_pl|军 械 盔 甲 商
trp_town_22_armorer|军 械 盔 甲 商
trp_town_22_armorer_pl|军 械 盔 甲 商
trp_town_1_weaponsmith|武 器 铁 匠
trp_town_1_weaponsmith_pl|武 器 铁 匠
trp_town_2_weaponsmith|武 器 铁 匠
trp_town_2_weaponsmith_pl|武 器 铁 匠
trp_town_3_weaponsmith|武 器 铁 匠
trp_town_3_weaponsmith_pl|武 器 铁 匠
trp_town_4_weaponsmith|武 器 铁 匠
trp_town_4_weaponsmith_pl|武 器 铁 匠
trp_town_5_weaponsmith|武 器 铁 匠
trp_town_5_weaponsmith_pl|武 器 铁 匠
trp_town_6_weaponsmith|武 器 铁 匠
trp_town_6_weaponsmith_pl|武 器 铁 匠
trp_town_7_weaponsmith|武 器 铁 匠
trp_town_7_weaponsmith_pl|武 器 铁 匠
trp_town_8_weaponsmith|武 器 铁 匠
trp_town_8_weaponsmith_pl|武 器 铁 匠
trp_town_9_weaponsmith|武 器 铁 匠
trp_town_9_weaponsmith_pl|武 器 铁 匠
trp_town_10_weaponsmith|武 器 铁 匠
trp_town_10_weaponsmith_pl|武 器 铁 匠
trp_town_11_weaponsmith|武 器 铁 匠
trp_town_11_weaponsmith_pl|武 器 铁 匠
trp_town_12_weaponsmith|武 器 铁 匠
trp_town_12_weaponsmith_pl|武 器 铁 匠
trp_town_13_weaponsmith|武 器 铁 匠
trp_town_13_weaponsmith_pl|武 器 铁 匠
trp_town_14_weaponsmith|武 器 铁 匠
trp_town_14_weaponsmith_pl|武 器 铁 匠
trp_town_15_weaponsmith|武 器 铁 匠
trp_town_15_weaponsmith_pl|武 器 铁 匠
trp_town_16_weaponsmith|武 器 铁 匠
trp_town_16_weaponsmith_pl|武 器 铁 匠
trp_town_17_weaponsmith|武 器 铁 匠
trp_town_17_weaponsmith_pl|武 器 铁 匠
trp_town_18_weaponsmith|武 器 铁 匠
trp_town_18_weaponsmith_pl|武 器 铁 匠
trp_town_19_weaponsmith|武 器 铁 匠
trp_town_19_weaponsmith_pl|武 器 铁 匠
trp_town_20_weaponsmith|武 器 铁 匠
trp_town_20_weaponsmith_pl|武 器 铁 匠
trp_town_21_weaponsmith|武 器 铁 匠
trp_town_21_weaponsmith_pl|武 器 铁 匠
trp_town_22_weaponsmith|武 器 铁 匠
trp_town_22_weaponsmith_pl|武 器 铁 匠
trp_town_1_tavernkeeper|酒 馆 老 板
trp_town_1_tavernkeeper_pl|酒 馆 老 板
trp_town_2_tavernkeeper|酒 馆 老 板
trp_town_2_tavernkeeper_pl|酒 馆 老 板
trp_town_3_tavernkeeper|酒 馆 老 板
trp_town_3_tavernkeeper_pl|酒 馆 老 板
trp_town_4_tavernkeeper|酒 馆 老 板
trp_town_4_tavernkeeper_pl|酒 馆 老 板
trp_town_5_tavernkeeper|酒 馆 老 板
trp_town_5_tavernkeeper_pl|酒 馆 老 板
trp_town_6_tavernkeeper|酒 馆 老 板
trp_town_6_tavernkeeper_pl|酒 馆 老 板
trp_town_7_tavernkeeper|酒 馆 老 板
trp_town_7_tavernkeeper_pl|酒 馆 老 板
trp_town_8_tavernkeeper|酒 馆 老 板
trp_town_8_tavernkeeper_pl|酒 馆 老 板
trp_town_9_tavernkeeper|酒 馆 老 板
trp_town_9_tavernkeeper_pl|酒 馆 老 板
trp_town_10_tavernkeeper|酒 馆 老 板
trp_town_10_tavernkeeper_pl|酒 馆 老 板
trp_town_11_tavernkeeper|酒 馆 老 板
trp_town_11_tavernkeeper_pl|酒 馆 老 板
trp_town_12_tavernkeeper|酒 馆 老 板
trp_town_12_tavernkeeper_pl|酒 馆 老 板
trp_town_13_tavernkeeper|酒 馆 老 板
trp_town_13_tavernkeeper_pl|酒 馆 老 板
trp_town_14_tavernkeeper|酒 馆 老 板
trp_town_14_tavernkeeper_pl|酒 馆 老 板
trp_town_15_tavernkeeper|酒 馆 老 板
trp_town_15_tavernkeeper_pl|酒 馆 老 板
trp_town_16_tavernkeeper|酒 馆 老 板
trp_town_16_tavernkeeper_pl|酒 馆 老 板
trp_town_17_tavernkeeper|酒 馆 老 板
trp_town_17_tavernkeeper_pl|酒 馆 老 板
trp_town_18_tavernkeeper|酒 馆 老 板
trp_town_18_tavernkeeper_pl|酒 馆 老 板
trp_town_19_tavernkeeper|酒 馆 老 板
trp_town_19_tavernkeeper_pl|酒 馆 老 板
trp_town_20_tavernkeeper|酒 馆 老 板
trp_town_20_tavernkeeper_pl|酒 馆 老 板
trp_town_21_tavernkeeper|酒 馆 老 板
trp_town_21_tavernkeeper_pl|酒 馆 老 板
trp_town_22_tavernkeeper|酒 馆 老 板
trp_town_22_tavernkeeper_pl|酒 馆 老 板
trp_town_1_merchant|商 人
trp_town_1_merchant_pl|商 人
trp_town_2_merchant|商 人
trp_town_2_merchant_pl|商 人
trp_town_3_merchant|商 人
trp_town_3_merchant_pl|商 人
trp_town_4_merchant|商 人
trp_town_4_merchant_pl|商 人
trp_town_5_merchant|商 人
trp_town_5_merchant_pl|商 人
trp_town_6_merchant|商 人
trp_town_6_merchant_pl|商 人
trp_town_7_merchant|商 人
trp_town_7_merchant_pl|商 人
trp_town_8_merchant|商 人
trp_town_8_merchant_pl|商 人
trp_town_9_merchant|商 人
trp_town_9_merchant_pl|商 人
trp_town_10_merchant|商 人
trp_town_10_merchant_pl|商 人
trp_town_11_merchant|商 人
trp_town_11_merchant_pl|商 人
trp_town_12_merchant|商 人
trp_town_12_merchant_pl|商 人
trp_town_13_merchant|商 人
trp_town_13_merchant_pl|商 人
trp_town_14_merchant|商 人
trp_town_14_merchant_pl|商 人
trp_town_15_merchant|商 人
trp_town_15_merchant_pl|商 人
trp_town_16_merchant|商 人
trp_town_16_merchant_pl|商 人
trp_town_17_merchant|商 人
trp_town_17_merchant_pl|商 人
trp_town_18_merchant|商 人
trp_town_18_merchant_pl|商 人
trp_town_19_merchant|商 人
trp_town_19_merchant_pl|商 人
trp_town_20_merchant|商 人
trp_town_20_merchant_pl|商 人
trp_town_21_merchant|商 人
trp_town_21_merchant_pl|商 人
trp_town_22_merchant|商 人
trp_town_22_merchant_pl|商 人
trp_salt_mine_merchant|Barezan
trp_salt_mine_merchant_pl|Barezan
trp_town_1_horse_merchant|Horse 商 人
trp_town_1_horse_merchant_pl|Horse 商 人
trp_town_2_horse_merchant|Horse 商 人
trp_town_2_horse_merchant_pl|Horse 商 人
trp_town_3_horse_merchant|Horse 商 人
trp_town_3_horse_merchant_pl|Horse 商 人
trp_town_4_horse_merchant|Horse 商 人
trp_town_4_horse_merchant_pl|Horse 商 人
trp_town_5_horse_merchant|Horse 商 人
trp_town_5_horse_merchant_pl|Horse 商 人
trp_town_6_horse_merchant|Horse 商 人
trp_town_6_horse_merchant_pl|Horse 商 人
trp_town_7_horse_merchant|Horse 商 人
trp_town_7_horse_merchant_pl|Horse 商 人
trp_town_8_horse_merchant|Horse 商 人
trp_town_8_horse_merchant_pl|Horse 商 人
trp_town_9_horse_merchant|Horse 商 人
trp_town_9_horse_merchant_pl|Horse 商 人
trp_town_10_horse_merchant|Horse 商 人
trp_town_10_horse_merchant_pl|Horse 商 人
trp_town_11_horse_merchant|Horse 商 人
trp_town_11_horse_merchant_pl|Horse 商 人
trp_town_12_horse_merchant|Horse 商 人
trp_town_12_horse_merchant_pl|Horse 商 人
trp_town_13_horse_merchant|Horse 商 人
trp_town_13_horse_merchant_pl|Horse 商 人
trp_town_14_horse_merchant|Horse 商 人
trp_town_14_horse_merchant_pl|Horse 商 人
trp_town_15_horse_merchant|Horse 商 人
trp_town_15_horse_merchant_pl|Horse 商 人
trp_town_16_horse_merchant|Horse 商 人
trp_town_16_horse_merchant_pl|Horse 商 人
trp_town_17_horse_merchant|Horse 商 人
trp_town_17_horse_merchant_pl|Horse 商 人
trp_town_18_horse_merchant|Horse 商 人
trp_town_18_horse_merchant_pl|Horse 商 人
trp_town_19_horse_merchant|Horse 商 人
trp_town_19_horse_merchant_pl|Horse 商 人
trp_town_20_horse_merchant|Horse 商 人
trp_town_20_horse_merchant_pl|Horse 商 人
trp_town_21_horse_merchant|Horse 商 人
trp_town_21_horse_merchant_pl|Horse 商 人
trp_town_22_horse_merchant|Horse 商 人
trp_town_22_horse_merchant_pl|Horse 商 人
trp_town_1_mayor|工 商 业 行 长
trp_town_1_mayor_pl|工 商 业 行 长
trp_town_2_mayor|工 商 业 行 长
trp_town_2_mayor_pl|工 商 业 行 长
trp_town_3_mayor|工 商 业 行 长
trp_town_3_mayor_pl|工 商 业 行 长
trp_town_4_mayor|工 商 业 行 长
trp_town_4_mayor_pl|工 商 业 行 长
trp_town_5_mayor|工 商 业 行 长
trp_town_5_mayor_pl|工 商 业 行 长
trp_town_6_mayor|工 商 业 行 长
trp_town_6_mayor_pl|工 商 业 行 长
trp_town_7_mayor|工 商 业 行 长
trp_town_7_mayor_pl|工 商 业 行 长
trp_town_8_mayor|工 商 业 行 长
trp_town_8_mayor_pl|工 商 业 行 长
trp_town_9_mayor|工 商 业 行 长
trp_town_9_mayor_pl|工 商 业 行 长
trp_town_10_mayor|工 商 业 行 长
trp_town_10_mayor_pl|工 商 业 行 长
trp_town_11_mayor|工 商 业 行 长
trp_town_11_mayor_pl|工 商 业 行 长
trp_town_12_mayor|工 商 业 行 长
trp_town_12_mayor_pl|工 商 业 行 长
trp_town_13_mayor|工 商 业 行 长
trp_town_13_mayor_pl|工 商 业 行 长
trp_town_14_mayor|工 商 业 行 长
trp_town_14_mayor_pl|工 商 业 行 长
trp_town_15_mayor|工 商 业 行 长
trp_town_15_mayor_pl|工 商 业 行 长
trp_town_16_mayor|工 商 业 行 长
trp_town_16_mayor_pl|工 商 业 行 长
trp_town_17_mayor|工 商 业 行 长
trp_town_17_mayor_pl|工 商 业 行 长
trp_town_18_mayor|工 商 业 行 长
trp_town_18_mayor_pl|工 商 业 行 长
trp_town_19_mayor|工 商 业 行 长
trp_town_19_mayor_pl|工 商 业 行 长
trp_town_20_mayor|工 商 业 行 长
trp_town_20_mayor_pl|工 商 业 行 长
trp_town_21_mayor|工 商 业 行 长
trp_town_21_mayor_pl|工 商 业 行 长
trp_town_22_mayor|工 商 业 行 长
trp_town_22_mayor_pl|工 商 业 行 长
trp_village_1_elder|村 长
trp_village_1_elder_pl|村 长
trp_village_2_elder|村 长
trp_village_2_elder_pl|村 长
trp_village_3_elder|村 长
trp_village_3_elder_pl|村 长
trp_village_4_elder|村 长
trp_village_4_elder_pl|村 长
trp_village_5_elder|村 长
trp_village_5_elder_pl|村 长
trp_village_6_elder|村 长
trp_village_6_elder_pl|村 长
trp_village_7_elder|村 长
trp_village_7_elder_pl|村 长
trp_village_8_elder|村 长
trp_village_8_elder_pl|村 长
trp_village_9_elder|村 长
trp_village_9_elder_pl|村 长
trp_village_10_elder|村 长
trp_village_10_elder_pl|村 长
trp_village_11_elder|村 长
trp_village_11_elder_pl|村 长
trp_village_12_elder|村 长
trp_village_12_elder_pl|村 长
trp_village_13_elder|村 长
trp_village_13_elder_pl|村 长
trp_village_14_elder|村 长
trp_village_14_elder_pl|村 长
trp_village_15_elder|村 长
trp_village_15_elder_pl|村 长
trp_village_16_elder|村 长
trp_village_16_elder_pl|村 长
trp_village_17_elder|村 长
trp_village_17_elder_pl|村 长
trp_village_18_elder|村 长
trp_village_18_elder_pl|村 长
trp_village_19_elder|村 长
trp_village_19_elder_pl|村 长
trp_village_20_elder|村 长
trp_village_20_elder_pl|村 长
trp_village_21_elder|村 长
trp_village_21_elder_pl|村 长
trp_village_22_elder|村 长
trp_village_22_elder_pl|村 长
trp_village_23_elder|村 长
trp_village_23_elder_pl|村 长
trp_village_24_elder|村 长
trp_village_24_elder_pl|村 长
trp_village_25_elder|村 长
trp_village_25_elder_pl|村 长
trp_village_26_elder|村 长
trp_village_26_elder_pl|村 长
trp_village_27_elder|村 长
trp_village_27_elder_pl|村 长
trp_village_28_elder|村 长
trp_village_28_elder_pl|村 长
trp_village_29_elder|村 长
trp_village_29_elder_pl|村 长
trp_village_30_elder|村 长
trp_village_30_elder_pl|村 长
trp_village_31_elder|村 长
trp_village_31_elder_pl|村 长
trp_village_32_elder|村 长
trp_village_32_elder_pl|村 长
trp_village_33_elder|村 长
trp_village_33_elder_pl|村 长
trp_village_34_elder|村 长
trp_village_34_elder_pl|村 长
trp_village_35_elder|村 长
trp_village_35_elder_pl|村 长
trp_village_36_elder|村 长
trp_village_36_elder_pl|村 长
trp_village_37_elder|村 长
trp_village_37_elder_pl|村 长
trp_village_38_elder|村 长
trp_village_38_elder_pl|村 长
trp_village_39_elder|村 长
trp_village_39_elder_pl|村 长
trp_village_40_elder|村 长
trp_village_40_elder_pl|村 长
trp_village_41_elder|村 长
trp_village_41_elder_pl|村 长
trp_village_42_elder|村 长
trp_village_42_elder_pl|村 长
trp_village_43_elder|村 长
trp_village_43_elder_pl|村 长
trp_village_44_elder|村 长
trp_village_44_elder_pl|村 长
trp_village_45_elder|村 长
trp_village_45_elder_pl|村 长
trp_village_46_elder|村 长
trp_village_46_elder_pl|村 长
trp_village_47_elder|村 长
trp_village_47_elder_pl|村 长
trp_village_48_elder|村 长
trp_village_48_elder_pl|村 长
trp_village_49_elder|村 长
trp_village_49_elder_pl|村 长
trp_village_50_elder|村 长
trp_village_50_elder_pl|村 长
trp_village_51_elder|村 长
trp_village_51_elder_pl|村 长
trp_village_52_elder|村 长
trp_village_52_elder_pl|村 长
trp_village_53_elder|村 长
trp_village_53_elder_pl|村 长
trp_village_54_elder|村 长
trp_village_54_elder_pl|村 长
trp_village_55_elder|村 长
trp_village_55_elder_pl|村 长
trp_village_56_elder|村 长
trp_village_56_elder_pl|村 长
trp_village_57_elder|村 长
trp_village_57_elder_pl|村 长
trp_village_58_elder|村 长
trp_village_58_elder_pl|村 长
trp_village_59_elder|村 长
trp_village_59_elder_pl|村 长
trp_village_60_elder|村 长
trp_village_60_elder_pl|村 长
trp_village_61_elder|村 长
trp_village_61_elder_pl|村 长
trp_village_62_elder|村 长
trp_village_62_elder_pl|村 长
trp_village_63_elder|村 长
trp_village_63_elder_pl|村 长
trp_village_64_elder|村 长
trp_village_64_elder_pl|村 长
trp_village_65_elder|村 长
trp_village_65_elder_pl|村 长
trp_village_66_elder|村 长
trp_village_66_elder_pl|村 长
trp_village_67_elder|村 长
trp_village_67_elder_pl|村 长
trp_village_68_elder|村 长
trp_village_68_elder_pl|村 长
trp_village_69_elder|村 长
trp_village_69_elder_pl|村 长
trp_village_70_elder|村 长
trp_village_70_elder_pl|村 长
trp_village_71_elder|村 长
trp_village_71_elder_pl|村 长
trp_village_72_elder|村 长
trp_village_72_elder_pl|村 长
trp_village_73_elder|村 长
trp_village_73_elder_pl|村 长
trp_village_74_elder|村 长
trp_village_74_elder_pl|村 长
trp_village_75_elder|村 长
trp_village_75_elder_pl|村 长
trp_village_76_elder|村 长
trp_village_76_elder_pl|村 长
trp_village_77_elder|村 长
trp_village_77_elder_pl|村 长
trp_village_78_elder|村 长
trp_village_78_elder_pl|村 长
trp_village_79_elder|村 长
trp_village_79_elder_pl|村 长
trp_village_80_elder|村 长
trp_village_80_elder_pl|村 长
trp_village_81_elder|村 长
trp_village_81_elder_pl|村 长
trp_village_82_elder|村 长
trp_village_82_elder_pl|村 长
trp_village_83_elder|村 长
trp_village_83_elder_pl|村 长
trp_village_84_elder|村 长
trp_village_84_elder_pl|村 长
trp_village_85_elder|村 长
trp_village_85_elder_pl|村 长
trp_village_86_elder|村 长
trp_village_86_elder_pl|村 长
trp_village_87_elder|村 长
trp_village_87_elder_pl|村 长
trp_village_88_elder|村 长
trp_village_88_elder_pl|村 长
trp_village_89_elder|村 长
trp_village_89_elder_pl|村 长
trp_village_90_elder|村 长
trp_village_90_elder_pl|村 长
trp_village_91_elder|村 长
trp_village_91_elder_pl|村 长
trp_village_92_elder|村 长
trp_village_92_elder_pl|村 长
trp_village_93_elder|村 长
trp_village_93_elder_pl|村 长
trp_village_94_elder|村 长
trp_village_94_elder_pl|村 长
trp_village_95_elder|村 长
trp_village_95_elder_pl|村 长
trp_village_96_elder|村 长
trp_village_96_elder_pl|村 长
trp_village_97_elder|村 长
trp_village_97_elder_pl|村 长
trp_village_98_elder|村 长
trp_village_98_elder_pl|村 长
trp_village_99_elder|村 长
trp_village_99_elder_pl|村 长
trp_village_100_elder|村 长
trp_village_100_elder_pl|村 长
trp_village_101_elder|村 长
trp_village_101_elder_pl|村 长
trp_village_102_elder|村 长
trp_village_102_elder_pl|村 长
trp_village_103_elder|村 长
trp_village_103_elder_pl|村 长
trp_village_104_elder|村 长
trp_village_104_elder_pl|村 长
trp_village_105_elder|村 长
trp_village_105_elder_pl|村 长
trp_village_106_elder|村 长
trp_village_106_elder_pl|村 长
trp_village_107_elder|村 长
trp_village_107_elder_pl|村 长
trp_village_108_elder|村 长
trp_village_108_elder_pl|村 长
trp_village_109_elder|村 长
trp_village_109_elder_pl|村 长
trp_village_110_elder|村 长
trp_village_110_elder_pl|村 长
trp_merchants_end|merchants end
trp_merchants_end_pl|merchants end
trp_town_1_master_craftsman|{!}Town 1 Craftsman
trp_town_1_master_craftsman_pl|{!}Town 1 Craftsman
trp_town_2_master_craftsman|{!}Town 2 Craftsman
trp_town_2_master_craftsman_pl|{!}Town 2 Craftsman
trp_town_3_master_craftsman|{!}Town 3 Craftsman
trp_town_3_master_craftsman_pl|{!}Town 3 Craftsman
trp_town_4_master_craftsman|{!}Town 4 Craftsman
trp_town_4_master_craftsman_pl|{!}Town 4 Craftsman
trp_town_5_master_craftsman|{!}Town 5 Craftsman
trp_town_5_master_craftsman_pl|{!}Town 5 Craftsman
trp_town_6_master_craftsman|{!}Town 6 Craftsman
trp_town_6_master_craftsman_pl|{!}Town 6 Craftsman
trp_town_7_master_craftsman|{!}Town 7 Craftsman
trp_town_7_master_craftsman_pl|{!}Town 7 Craftsman
trp_town_8_master_craftsman|{!}Town 8 Craftsman
trp_town_8_master_craftsman_pl|{!}Town 8 Craftsman
trp_town_9_master_craftsman|{!}Town 9 Craftsman
trp_town_9_master_craftsman_pl|{!}Town 9 Craftsman
trp_town_10_master_craftsman|{!}Town 10 Craftsman
trp_town_10_master_craftsman_pl|{!}Town 10 Craftsman
trp_town_11_master_craftsman|{!}Town 11 Craftsman
trp_town_11_master_craftsman_pl|{!}Town 11 Craftsman
trp_town_12_master_craftsman|{!}Town 12 Seneschal
trp_town_12_master_craftsman_pl|{!}Town 12 Seneschal
trp_town_13_master_craftsman|{!}Town 13 Seneschal
trp_town_13_master_craftsman_pl|{!}Town 13 Seneschal
trp_town_14_master_craftsman|{!}Town 14 Seneschal
trp_town_14_master_craftsman_pl|{!}Town 14 Seneschal
trp_town_15_master_craftsman|{!}Town 15 Seneschal
trp_town_15_master_craftsman_pl|{!}Town 15 Seneschal
trp_town_16_master_craftsman|{!}Town 16 Seneschal
trp_town_16_master_craftsman_pl|{!}Town 16 Seneschal
trp_town_17_master_craftsman|{!}Town 17 Seneschal
trp_town_17_master_craftsman_pl|{!}Town 17 Seneschal
trp_town_18_master_craftsman|{!}Town 18 Seneschal
trp_town_18_master_craftsman_pl|{!}Town 18 Seneschal
trp_town_19_master_craftsman|{!}Town 19 Seneschal
trp_town_19_master_craftsman_pl|{!}Town 19 Seneschal
trp_town_20_master_craftsman|{!}Town 20 Seneschal
trp_town_20_master_craftsman_pl|{!}Town 20 Seneschal
trp_town_21_master_craftsman|{!}Town 21 Seneschal
trp_town_21_master_craftsman_pl|{!}Town 21 Seneschal
trp_town_22_master_craftsman|{!}Town 22 Seneschal
trp_town_22_master_craftsman_pl|{!}Town 22 Seneschal
trp_zendar_chest|{!}Zendar Chest
trp_zendar_chest_pl|{!}Zendar Chest
trp_tutorial_chest_1|{!}Melee Weapons Chest
trp_tutorial_chest_1_pl|{!}Melee Weapons Chest
trp_tutorial_chest_2|{!}Ranged Weapons Chest
trp_tutorial_chest_2_pl|{!}Ranged Weapons Chest
trp_bonus_chest_1|{!}Bonus Chest
trp_bonus_chest_1_pl|{!}Bonus Chest
trp_bonus_chest_2|{!}Bonus Chest
trp_bonus_chest_2_pl|{!}Bonus Chest
trp_bonus_chest_3|{!}Bonus Chest
trp_bonus_chest_3_pl|{!}Bonus Chest
trp_household_possessions|{!}household possessions
trp_household_possessions_pl|{!}household possessions
trp_temp_array_a|{!}temp array a
trp_temp_array_a_pl|{!}temp array a
trp_temp_array_b|{!}temp array b
trp_temp_array_b_pl|{!}temp array b
trp_temp_array_c|{!}temp array c
trp_temp_array_c_pl|{!}temp array c
trp_stack_selection_amounts|{!}stack selection amounts
trp_stack_selection_amounts_pl|{!}stack selection amounts
trp_stack_selection_ids|{!}stack selection ids
trp_stack_selection_ids_pl|{!}stack selection ids
trp_notification_menu_types|{!}notification menu types
trp_notification_menu_types_pl|{!}notification menu types
trp_notification_menu_var1|{!}notification menu var1
trp_notification_menu_var1_pl|{!}notification menu var1
trp_notification_menu_var2|{!}notification menu var2
trp_notification_menu_var2_pl|{!}notification menu var2
trp_banner_background_color_array|{!}banner background color array
trp_banner_background_color_array_pl|{!}banner background color array
trp_multiplayer_data|{!}multiplayer data
trp_multiplayer_data_pl|{!}multiplayer data
trp_book_read|{!}na
trp_book_read_pl|{!}na
trp_book_reading_progress|{!}na
trp_book_reading_progress_pl|{!}na
trp_mod_global_vars|{!}na
trp_mod_global_vars_pl|{!}na
trp_local_merchant|Local 商 人
trp_local_merchant_pl|Local 商 人
trp_tax_rebel|Peasant Rebel
trp_tax_rebel_pl|Peasant Rebel
trp_trainee_peasant|Peasant
trp_trainee_peasant_pl|Peasant
trp_fugitive|Nervous Man
trp_fugitive_pl|Nervous Man
trp_belligerent_drunk|Belligerent Drunk
trp_belligerent_drunk_pl|Belligerent Drunk
trp_hired_assassin|Hired Assassin
trp_hired_assassin_pl|Hired Assassin
trp_fight_promoter|Rough-Looking Character
trp_fight_promoter_pl|Rough-Looking Character
trp_spy|Ordinary Townsman
trp_spy_pl|Ordinary Townsman
trp_spy_partner|Unremarkable Townsman
trp_spy_partner_pl|Unremarkable Townsman
trp_nurse_for_lady|Nurse
trp_nurse_for_lady_pl|Nurse
trp_temporary_minister|Minister
trp_temporary_minister_pl|Minister
trp_quick_battle_6_player|{!}quick battle 6 玩 家
trp_quick_battle_6_player_pl|{!}quick battle 6 玩 家
trp_swadian_crossbowman_multiplayer_ai|Swadian Crossbowman
trp_swadian_crossbowman_multiplayer_ai_pl|Swadian Crossbowman
trp_swadian_infantry_multiplayer_ai|Swadian 步 兵
trp_swadian_infantry_multiplayer_ai_pl|Swadian 步 兵
trp_swadian_man_at_arms_multiplayer_ai|Swadian Man at Arms
trp_swadian_man_at_arms_multiplayer_ai_pl|Swadian Man at Arms
trp_vaegir_archer_multiplayer_ai|Vaegir Archer
trp_vaegir_archer_multiplayer_ai_pl|Vaegir Archer
trp_vaegir_spearman_multiplayer_ai|Vaegir Spearman
trp_vaegir_spearman_multiplayer_ai_pl|Vaegir Spearman
trp_vaegir_horseman_multiplayer_ai|Vaegir Horseman
trp_vaegir_horseman_multiplayer_ai_pl|Vaegir Horseman
trp_khergit_dismounted_lancer_multiplayer_ai|第 15 Scottish 苏 格 兰 高 地 步 兵
trp_khergit_dismounted_lancer_multiplayer_ai_pl|第 15 Scottish 苏 格 兰 高 地 步 兵
trp_khergit_veteran_horse_archer_multiplayer_ai|Khergit Horse Archer
trp_khergit_veteran_horse_archer_multiplayer_ai_pl|Khergit Horse Archer
trp_khergit_lancer_multiplayer_ai|Khergit 枪 骑 兵
trp_khergit_lancer_multiplayer_ai_pl|Khergit 枪 骑 兵
trp_nord_veteran_multiplayer_ai|Nord 步 卒
trp_nord_veteran_multiplayer_ai_pl|Nord 步 卒
trp_nord_scout_multiplayer_ai|巴 伐 利 亚 步 兵
trp_nord_scout_multiplayer_ai_pl|巴 伐 利 亚 步 兵
trp_nord_archer_multiplayer_ai|Nord Archer
trp_nord_archer_multiplayer_ai_pl|Nord Archer
trp_rhodok_veteran_crossbowman_multiplayer_ai|Rhodok Crossbowman
trp_rhodok_veteran_crossbowman_multiplayer_ai_pl|Rhodok Crossbowman
trp_rhodok_veteran_spearman_multiplayer_ai|Rhodok Spearman
trp_rhodok_veteran_spearman_multiplayer_ai_pl|Rhodok Spearman
trp_rhodok_scout_multiplayer_ai|布 伦 瑞 克 枪 骑 兵
trp_rhodok_scout_multiplayer_ai_pl|布 伦 瑞 克 枪 骑 兵
trp_sarranid_infantry_multiplayer_ai|Sarranid 步 兵
trp_sarranid_infantry_multiplayer_ai_pl|Sarranid 步 兵
trp_sarranid_archer_multiplayer_ai|Sarranid Archer
trp_sarranid_archer_multiplayer_ai_pl|Sarranid Archer
trp_sarranid_horseman_multiplayer_ai|Sarranid Horseman
trp_sarranid_horseman_multiplayer_ai_pl|Sarranid Horseman
trp_swadian_crossbowman_multiplayer|Swadian Crossbowman
trp_swadian_crossbowman_multiplayer_pl|Swadian Crossbowman
trp_swadian_infantry_multiplayer|Swadian 步 兵
trp_swadian_infantry_multiplayer_pl|Swadian 步 兵
trp_swadian_man_at_arms_multiplayer|Swadian Man at Arms
trp_swadian_man_at_arms_multiplayer_pl|Swadian Man at Arms
trp_vaegir_archer_multiplayer|Vaegir Archer
trp_vaegir_archer_multiplayer_pl|Vaegir Archer
trp_vaegir_spearman_multiplayer|Vaegir Spearman
trp_vaegir_spearman_multiplayer_pl|Vaegir Spearman
trp_vaegir_horseman_multiplayer|Vaegir Horseman
trp_vaegir_horseman_multiplayer_pl|Vaegir Horseman
trp_khergit_veteran_horse_archer_multiplayer|Khergit Horse Archer
trp_khergit_veteran_horse_archer_multiplayer_pl|Khergit Horse Archer
trp_khergit_lancer_multiplayer|Khergit 枪 骑 兵
trp_khergit_lancer_multiplayer_pl|Khergit 枪 骑 兵
trp_nord_archer_multiplayer|Nord Archer
trp_nord_archer_multiplayer_pl|Nord Archer
trp_nord_veteran_multiplayer|Nord Huscarl
trp_nord_veteran_multiplayer_pl|Nord Huscarl
trp_nord_scout_multiplayer|Nord Scout
trp_nord_scout_multiplayer_pl|Nord Scout
trp_rhodok_veteran_crossbowman_multiplayer|Rhodok Crossbowman
trp_rhodok_veteran_crossbowman_multiplayer_pl|Rhodok Crossbowman
trp_rhodok_sergeant_multiplayer|Rhodok 军 士
trp_rhodok_sergeant_multiplayer_pl|Rhodok 军 士
trp_rhodok_horseman_multiplayer|Rhodok Horseman
trp_rhodok_horseman_multiplayer_pl|Rhodok Horseman
trp_sarranid_archer_multiplayer|Sarranid Archer
trp_sarranid_archer_multiplayer_pl|Sarranid Archer
trp_sarranid_footman_multiplayer|Sarranid 步 卒
trp_sarranid_footman_multiplayer_pl|Sarranid 步 卒
trp_sarranid_mamluke_multiplayer|Sarranid Mamluke
trp_sarranid_mamluke_multiplayer_pl|Sarranid Mamluke
trp_multiplayer_end|{!}multiplayer end
trp_multiplayer_end_pl|{!}multiplayer end
trp_nurse|Nurse
trp_nurse_pl|Nurse
trp_log_array_entry_type|{!}Local 商 人
trp_log_array_entry_type_pl|{!}Local 商 人
trp_log_array_entry_time|{!}Local 商 人
trp_log_array_entry_time_pl|{!}Local 商 人
trp_log_array_actor|{!}Local 商 人
trp_log_array_actor_pl|{!}Local 商 人
trp_log_array_center_object|{!}Local 商 人
trp_log_array_center_object_pl|{!}Local 商 人
trp_log_array_center_object_lord|{!}Local 商 人
trp_log_array_center_object_lord_pl|{!}Local 商 人
trp_log_array_center_object_faction|{!}Local 商 人
trp_log_array_center_object_faction_pl|{!}Local 商 人
trp_log_array_troop_object|{!}Local 商 人
trp_log_array_troop_object_pl|{!}Local 商 人
trp_log_array_troop_object_faction|{!}Local 商 人
trp_log_array_troop_object_faction_pl|{!}Local 商 人
trp_log_array_faction_object|{!}Local 商 人
trp_log_array_faction_object_pl|{!}Local 商 人
trp_quick_battle_troop_1|军 士 Rudolf
trp_quick_battle_troop_1_pl|军 士 Rudolf
trp_quick_battle_troop_2|Private Hans
trp_quick_battle_troop_2_pl|Private Hans
trp_quick_battle_troop_3|Private Balazs
trp_quick_battle_troop_3_pl|Private Balazs
trp_quick_battle_troop_4|军 士 John
trp_quick_battle_troop_4_pl|军 士 John
trp_quick_battle_troop_5|将 军 Wittemberg
trp_quick_battle_troop_5_pl|将 军 Wittemberg
trp_quick_battle_troop_6|上 尉 Borislav
trp_quick_battle_troop_6_pl|上 尉 Borislav
trp_quick_battle_troop_7|Sergant Erwin
trp_quick_battle_troop_7_pl|Sergant Erwin
trp_quick_battle_troop_8|Private Broushe
trp_quick_battle_troop_8_pl|Private Broushe
trp_quick_battle_troop_9|军 士 Adolf Hermann
trp_quick_battle_troop_9_pl|军 士 Adolf Hermann
trp_quick_battle_troop_10|Private Louis
trp_quick_battle_troop_10_pl|Private Louis
trp_quick_battle_troop_11|Herr Oberst Joseph
trp_quick_battle_troop_11_pl|Herr Oberst Joseph
trp_quick_battle_troops_end|{!}quick battle troops end
trp_quick_battle_troops_end_pl|{!}quick battle troops end
trp_tutorial_fighter_1|初 级 格 斗 士
trp_tutorial_fighter_1_pl|初 级 格 斗 士
trp_tutorial_fighter_2|初 级 格 斗 士
trp_tutorial_fighter_2_pl|初 级 格 斗 士
trp_tutorial_fighter_3|普 通 格 斗 士
trp_tutorial_fighter_3_pl|普 通 格 斗 士
trp_tutorial_fighter_4|老 兵 Fighter
trp_tutorial_fighter_4_pl|老 兵 Fighter
trp_tutorial_archer_1|Archer
trp_tutorial_archer_1_pl|Archer
trp_tutorial_master_archer|Archery Trainer
trp_tutorial_master_archer_pl|Archery Trainer
trp_tutorial_rider_1|Rider
trp_tutorial_rider_1_pl|Rider
trp_tutorial_rider_2|Horse archer
trp_tutorial_rider_2_pl|Horse archer
trp_tutorial_master_horseman|Riding Trainer
trp_tutorial_master_horseman_pl|Riding Trainer
trp_swadian_merchant|商 人 of Paris
trp_swadian_merchant_pl|商 人 of Paris
trp_vaegir_merchant|商 人 of Berlin
trp_vaegir_merchant_pl|商 人 of Berlin
trp_khergit_merchant|商 人 of London
trp_khergit_merchant_pl|商 人 of London
trp_nord_merchant|商 人 of Brusselles
trp_nord_merchant_pl|商 人 of Brusselles
trp_rhodok_merchant|商 人 of Lotharingen
trp_rhodok_merchant_pl|商 人 of Lotharingen
trp_sarranid_merchant|商 人 of Waterloo
trp_sarranid_merchant_pl|商 人 of Waterloo
trp_startup_merchants_end|startup merchants end
trp_startup_merchants_end_pl|startup merchants end
trp_sea_raider_leader|Sea Raider 上 尉
trp_sea_raider_leader_pl|Sea Raider 上 尉
trp_looter_leader|土 匪
trp_looter_leader_pl|土 匪
trp_bandit_leaders_end|强 盗 leaders end
trp_bandit_leaders_end_pl|强 盗 leaders end
trp_relative_of_merchant|商 人 's Brother
trp_relative_of_merchant_pl|商 人 's Brother
trp_relative_of_merchants_end|relative of merchants end
trp_relative_of_merchants_end_pl|relative of merchants end
trp_dplmc_chamberlain|Chamberlain Aubrey de Vere
trp_dplmc_chamberlain_pl|Chamberlain Aubrey de Vere
trp_dplmc_constable|Constable Miles de Gloucester
trp_dplmc_constable_pl|Constable Miles de Gloucester
trp_dplmc_chancellor|Chancellor Herfast
trp_dplmc_chancellor_pl|Chancellor Herfast
trp_dplmc_messenger|Messenger
trp_dplmc_messenger_pl|Messenger
trp_dplmc_scout|Scout
trp_dplmc_scout_pl|Scout
trp_dplmc_recruiter|Recruiter
trp_dplmc_recruiter_pl|Recruiter
trp_austrain_jaeger_rifleman|奥 地 利 猎 兵
trp_austrain_jaeger_rifleman_pl|奥 地 利 猎 兵
trp_austrian_dragoon|奥 地 利 龙 骑 兵
trp_austrian_dragoon_pl|奥 地 利 龙 骑 兵
trp_austrian_cuirassier|奥 地 利 胸 甲 骑 兵
trp_austrian_cuirassier_pl|奥 地 利 胸 甲 骑 兵
trp_russian_hussar_elite|俄 罗 斯 骠 骑 兵 (精 锐 )
trp_russian_hussar_elite_pl|俄 罗 斯 骠 骑 兵 (精 锐 )
trp_russian_hussar_veteran|俄 罗 斯 骠 骑 兵 (老 兵 )
trp_russian_hussar_veteran_pl|俄 罗 斯 骠 骑 兵 (老 兵 )
trp_hungarian_honved_infantry|匈 牙 利 边 防 步 兵 (老 兵 )
trp_hungarian_honved_infantry_pl|匈 牙 利 边 防 步 兵 (老 兵 )
trp_french_hussard_carabineer|法 国 Hussard 卡 宾 骑 兵
trp_french_hussard_carabineer_pl|法 国 Hussard 卡 宾 骑 兵
trp_french_hussar_veteran|法 国 Hussard (老 兵 )
trp_french_hussar_veteran_pl|法 国 Hussard (老 兵 )
trp_prussian_deadhussar_elite|普 鲁 士 骠 骑 兵 (精 锐 )
trp_prussian_deadhussar_elite_pl|普 鲁 士 骠 骑 兵 (精 锐 )
trp_15th_brit_hussar_veteran|英 国 第 15 骠 骑 兵 卡 宾 骑 兵
trp_15th_brit_hussar_veteran_pl|英 国 第 15 骠 骑 兵 卡 宾 骑 兵
trp_british_hussar_veteran|英 国 骠 骑 兵 (老 兵 )
trp_british_hussar_veteran_pl|英 国 骠 骑 兵 (老 兵 )
trp_british_95th_rifleman|英 国 第 95步 枪 团 步 枪 兵
trp_british_95th_rifleman_pl|英 国 第 95步 枪 团 步 枪 兵
trp_british_highlander_(veteran)|英 国 苏 格 兰 高 地 步 兵 (老 兵 )
trp_british_highlander_(veteran)_pl|英 国 苏 格 兰 高 地 步 兵 (老 兵 )
trp_britain_95th_rifles_veteran|Britain 第 95步 枪 团 步 枪 兵 (老 兵 )
trp_britain_95th_rifles_veteran_pl|Britain 第 95步 枪 团 步 枪 兵 (老 兵 )
trp_british_highlander|英 国 苏 格 兰 高 地 步 兵
trp_british_highlander_pl|英 国 苏 格 兰 高 地 步 兵
trp_british_highlander_(elite)|黑 卫 士 兵 团 Trooper
trp_british_highlander_(elite)_pl|黑 卫 士 兵 团 Trooper
trp_british_95th_chosen_man|英 国 第 95步 枪 团 Chosen Man
trp_british_95th_chosen_man_pl|英 国 第 95步 枪 团 Chosen Man
trp_Britain_15th_Hussar_(elite)|Britain 第 15 骠 骑 兵 (精 锐 )
trp_Britain_15th_Hussar_(elite)_pl|Britain 第 15 骠 骑 兵 (精 锐 )
trp_british_hussar|英 国 骠 骑 兵
trp_british_hussar_pl|英 国 骠 骑 兵
trp_french_polish_lancer|波 兰 枪 骑 兵
trp_french_polish_lancer_pl|波 兰 枪 骑 兵
trp_french_polish_uhlan_(hardened)|波 兰 枪 骑 兵 (hardened)
trp_french_polish_uhlan_(hardened)_pl|波 兰 枪 骑 兵 (hardened)
trp_french_polish_lancer_veteran|波 兰 枪 骑 兵 (老 兵 )
trp_french_polish_lancer_veteran_pl|波 兰 枪 骑 兵 (老 兵 )
trp_polish_lancer_(elite)|波 兰 枪 骑 兵 (精 锐 )
trp_polish_lancer_(elite)_pl|波 兰 枪 骑 兵 (精 锐 )
trp_flag_cuirassier_french|法 国 胸 甲 骑 兵 掌 旗 官
trp_flag_cuirassier_french_pl|法 国 胸 甲 骑 兵 掌 旗 官
trp_flag_french_infantry|法 国 掌 旗 官
trp_flag_french_infantry_pl|法 国 掌 旗 官
trp_austrian_flagcarrier_cuirassier|奥 地 利 胸 甲 骑 兵 掌 旗 官
trp_austrian_flagcarrier_cuirassier_pl|奥 地 利 胸 甲 骑 兵 掌 旗 官
trp_austrian_hussar_flagcarrier|匈 牙 利 骠 骑 兵 掌 旗 官
trp_austrian_hussar_flagcarrier_pl|匈 牙 利 骠 骑 兵 掌 旗 官
trp_british_flagcarrier|英 国 掌 旗 官
trp_british_flagcarrier_pl|英 国 掌 旗 官
trp_brunswicker_hussar_flagcarrier|Brunswicker 骠 骑 兵 掌 旗 官
trp_brunswicker_hussar_flagcarrier_pl|Brunswicker 骠 骑 兵 掌 旗 官
trp_prus_hussar_flagcarrier|普 鲁 士 骠 骑 兵 掌 旗 官
trp_prus_hussar_flagcarrier_pl|普 鲁 士 骠 骑 兵 掌 旗 官
trp_prus_flagcarrier|普 鲁 士 掌 旗 官
trp_prus_flagcarrier_pl|普 鲁 士 掌 旗 官
trp_hungarian_drummer|匈 牙 利 鼓 手
trp_hungarian_drummer_pl|匈 牙 利 鼓 手
trp_french_polish_vistula_legion|波 兰 Vistula Legionary
trp_french_polish_vistula_legion_pl|波 兰 Vistula Legionary
trp_british_drummer|英 国 鼓 手
trp_british_drummer_pl|英 国 鼓 手
trp_austrian_drummer|奥 地 利 鼓 手
trp_austrian_drummer_pl|奥 地 利 鼓 手
trp_prussian_lancer|普 鲁 士 枪 骑 兵
trp_prussian_lancer_pl|普 鲁 士 枪 骑 兵
trp_british_hussar_elite|英 国 骠 骑 兵 (精 锐 )
trp_british_hussar_elite_pl|英 国 骠 骑 兵 (精 锐 )
trp_bavarian_footman|巴 伐 利 亚 步 卒
trp_bavarian_footman_pl|巴 伐 利 亚 步 卒
trp_bavarian_infantry_(veteran)|巴 伐 利 亚 步 兵 (老 兵 )
trp_bavarian_infantry_(veteran)_pl|巴 伐 利 亚 步 兵 (老 兵 )
trp_french_drummer|法 国 鼓 手
trp_french_drummer_pl|法 国 鼓 手
trp_prussian_drummer|普 鲁 士 鼓 手
trp_prussian_drummer_pl|普 鲁 士 鼓 手
trp_prussian_cuirassier|普 鲁 士 胸 甲 骑 兵
trp_prussian_cuirassier_pl|普 鲁 士 胸 甲 骑 兵
trp_prussian_cuirassier_(veteran)|普 鲁 士 胸 甲 骑 兵 (老 兵 )
trp_prussian_cuirassier_(veteran)_pl|普 鲁 士 胸 甲 骑 兵 (老 兵 )
trp_austrian_pioneer|奥 地 利 工 兵 先 锋
trp_austrian_pioneer_pl|奥 地 利 工 兵 先 锋
trp_dutch_sappeur|荷 兰 Sappeur
trp_dutch_sappeur_pl|荷 兰 Sappeur
trp_french_pioneer|法 国 工 兵 先 锋
trp_french_pioneer_pl|法 国 工 兵 先 锋
trp_english_pioneer|English 工 兵 先 锋
trp_english_pioneer_pl|English 工 兵 先 锋
trp_prussian_pioneer|普 鲁 士 工 兵 先 锋
trp_prussian_pioneer_pl|普 鲁 士 工 兵 先 锋
trp_battlefield_labor|Sappeur
trp_battlefield_labor_pl|Sappeur
trp_french_dragoon|法 国 龙 骑 兵
trp_french_dragoon_pl|法 国 龙 骑 兵
trp_scots_grey|苏 格 兰 皇 家 灰 骑 兵
trp_scots_grey_pl|苏 格 兰 皇 家 灰 骑 兵
trp_scots_grey_(veteran)|苏 格 兰 皇 家 灰 骑 兵 (老 兵 )
trp_scots_grey_(veteran)_pl|苏 格 兰 皇 家 灰 骑 兵 (老 兵 )
trp_grenadier_a_cheval|掷 弹 兵 a Cheval
trp_grenadier_a_cheval_pl|掷 弹 兵 a Cheval
trp_grenadier_a_cheval_(veteran)|掷 弹 兵 a Cheval (老 兵 )
trp_grenadier_a_cheval_(veteran)_pl|掷 弹 兵 a Cheval (老 兵 )
trp_british_light_dragoon|英 国 Light 龙 骑 兵
trp_british_light_dragoon_pl|英 国 Light 龙 骑 兵
